country_iso3,year,malaria_incidence,urban_population_pct,rural_population_pct,urban_growth_pct,population_growth_pct,water_access_pct,sanitation_access_pct,avg_precipitation_mm_day,avg_temperature_c,country,risk_level
DZA,2000,0.018729748,59.8521239445692,40.1478760554308,2.690555724532,1.3996685583388,88.9938081102024,84.480825904855,0.9,18.84,Algeria,Low
DZA,2001,0.00326017,60.6177172788536,39.3822827211464,2.64432292195359,1.37329134127777,89.1698016074929,84.7599258051821,1.45,19.05,Algeria,Low
DZA,2002,0.005361804,61.3812658601162,38.6187341398838,2.58213808067625,1.33039477696898,89.3436399760295,85.0328039749713,1.41,18.74,Algeria,Low
DZA,2003,0.002645493,62.1427907986812,37.8572092013188,2.56263039448902,1.32961524189621,89.5151088113819,85.2991661888618,1.96,19.22,Algeria,Low
DZA,2004,0.001043523,62.9023132048725,37.0976867951275,2.6112559050635,1.39644042529783,89.6842209126681,85.5590698525635,1.72,18.71,Algeria,Low
DZA,2005,0.000514182,63.6598541890144,36.3401458109856,2.66042812445488,1.46330884553002,89.8507731580286,85.8122570569518,1.52,18.4,Algeria,Low
DZA,2006,0.000506318,64.4154348614309,35.5845651385691,2.72118821083371,1.54127363754195,90.0150202695134,86.0591336531477,1.61,19.28,Algeria,Low
DZA,2007,0.012946363,65.1690763324461,34.8309236675539,2.83225069291589,1.6690716779345,90.1767439508853,86.2994372254318,2.36,18.84,Algeria,Low
DZA,2008,0.001466887,65.901485871159,34.098514128841,2.93644506601372,1.81885306168943,90.3361987493803,86.5335634120034,1.61,18.83,Algeria,Low
DZA,2009,0.0,66.5097384559521,33.4902615440479,2.8346221345593,1.91588522187232,90.4918619672067,86.7594833299859,1.84,19.13,Algeria,Low
DZA,2010,0.000470434,67.1235057867459,32.8764942132541,2.86565199964367,1.9470588317966,90.6443416237761,86.9781345697396,1.78,18.86,Algeria,Low
DZA,2011,0.000461318,67.7344007507578,32.2655992492422,2.86288407843621,1.9568943735315,90.7933523397582,87.1892375603954,1.92,19.25,Algeria,Low
DZA,2012,0.024871853,68.3421258553675,31.6578741446325,2.88602241172015,1.99280790148967,90.9547062510195,87.0935387595053,2.0,18.99,Algeria,Low
DZA,2013,0.003545395,68.9463836079277,31.0536163920723,2.89981288675777,2.01953115835273,91.1128578356774,86.9868785430175,2.16,18.73,Algeria,Low
DZA,2014,0.0,69.5468765157615,30.4531234842385,2.90504768262655,2.03786524232338,91.268060653484,86.8698473645812,1.81,19.4,Algeria,Low
DZA,2015,0.0,70.1433070861612,29.8566929138388,2.9101879451251,2.05624795728459,91.4201507009501,86.7425206516531,1.32,19.42,Algeria,Low
DZA,2016,0.0,70.7353778263851,29.2646221736149,2.89623687610993,2.05569111181654,91.56940001457,86.6054840366106,1.6,19.45,Algeria,Low
DZA,2017,0.0,71.3227912436551,28.6772087563449,2.85900986820642,2.03200060784518,91.715636706346,86.4588236326811,1.48,19.53,Algeria,Low
DZA,2018,0.0,71.905249845153,28.094750154847,2.75114136393457,1.93780623340147,91.859120820781,86.3030907782839,2.46,18.94,Algeria,Low
DZA,2019,0.0,72.4824561380175,27.5175438619825,2.63993767594076,1.84041291439333,91.9998016191508,86.1385037232471,1.29,19.21,Algeria,Low
DZA,2020,0.0,73.0541126293395,26.9458873706605,2.49750261880048,1.71191216459393,92.1378242692677,85.9654731245039,1.03,19.62,Algeria,Low
DZA,2021,0.0,73.6199218261573,26.3800781738427,2.39088665245616,1.61936460233826,92.273231858432,85.7843029485606,1.45,19.59,Algeria,Low
DZA,2022,0.0,74.1795862354514,25.8204137645486,2.34491522475834,1.58758210690673,92.3236727252335,85.8262858406741,1.11,20.2,Algeria,Low
DZA,2023,0.0,74.732808364138,25.267191635862,2.24199538087228,1.49897601193923,92.3726404744191,85.8670433970582,1.08,20.28,Algeria,Low
DZA,2024,0.0,75.2792907190618,24.7207092809382,2.12697498648782,1.39838651912702,92.4200285933986,85.9064861325463,1.07,20.44,Algeria,Low
AGO,2000,326.5394321,50.5070653484197,49.4929346515803,5.81332913270952,3.31228746945312,37.8422368865436,33.8004076625916,1.22,25.33,Angola,High
AGO,2001,330.8045933,51.7224790407329,48.2775209592671,5.73163358353889,3.35370941359163,38.3388157469695,34.2558546036306,1.34,24.79,Angola,High
AGO,2002,315.6971967,52.8926234794038,47.1073765205962,5.64462250840875,3.40747615681454,38.8353924997189,34.7112995930867,0.83,25.3,Angola,High
AGO,2003,319.2875031,54.0043545370761,45.9956454629239,5.57341954263671,3.49334277776736,40.3965157225134,35.7566857674784,0.6,25.94,Angola,High
AGO,2004,312.6468683,55.0445280863936,44.9554719136064,5.50223295731547,3.59445752400652,41.9772367862102,36.8026608112345,0.57,25.34,Angola,High
AGO,2005,313.8731419,56.0,44.0,5.36719121043528,3.64626893356444,43.5743439976406,37.8465318357126,0.29,25.43,Angola,High
AGO,2006,299.9049376,56.8939032662772,43.1060967337228,5.26853898942941,3.68489201610335,45.0139996038983,38.7338819151989,0.46,25.51,Angola,Medium
AGO,2007,269.5338238,57.7564632930133,42.2435367069867,5.24729216790819,3.74258021023639,46.4686546771725,39.6205689404056,1.8,25.54,Angola,Medium
AGO,2008,228.0570314,58.5851745819614,41.4148254180386,5.20293269221403,3.77828976645524,47.9390179800655,40.5073529931406,0.57,25.65,Angola,Medium
AGO,2009,193.5096554,59.3775316348744,40.6224683651256,5.14498291018555,3.80156187494836,49.4231763682417,41.3926874563562,1.03,25.61,Angola,Medium
AGO,2010,170.3617864,60.1310289535053,39.8689710464947,5.11210771678984,3.85109824897149,50.922281472487,42.2777189153195,1.68,25.42,Angola,Medium
AGO,2011,157.062634,60.8431610396073,39.1568389603927,5.06528893008459,3.8879459971363,52.4357414255652,43.1620627220945,1.28,25.21,Angola,Medium
AGO,2012,153.0532906,61.5114223949332,38.4885776050668,4.97592832005976,3.88358355528674,53.962934811933,44.0453181222275,1.11,25.29,Angola,Medium
AGO,2013,158.1038401,62.1333075212361,37.8666924787639,4.85591199730458,3.84998068971631,55.5032279600653,44.9270819739207,1.49,25.08,Angola,Medium
AGO,2014,163.8586153,62.723115793241,37.276884206759,4.67751677790276,3.73272806660513,57.0569115656449,45.8077399649675,0.59,25.43,Angola,Medium
AGO,2015,174.4717751,63.51567832685,36.48432167315,4.86073952875732,3.60507162233632,58.6196312007677,46.6837650963553,0.55,25.4,Angola,Medium
AGO,2016,189.7796222,64.2992302517989,35.7007697482011,4.80252986936282,3.57644143982026,60.1920620185519,47.555908833618,0.66,26.16,Angola,Medium
AGO,2017,215.3145581,65.0850525086068,34.9149474913932,4.75534049674966,3.54061221486272,61.7735122104541,48.4237656848917,0.35,25.6,Angola,Medium
AGO,2018,232.4429808,65.8732136723372,34.1267863276628,4.6569307143155,3.45323300897802,63.3627907388021,49.2865229934191,1.45,25.86,Angola,Medium
AGO,2019,243.1031771,66.6637823180533,33.3362176819467,4.58087613993067,3.38788422184303,64.1599110373067,49.5470237290202,0.29,26.33,Angola,Medium
AGO,2020,244.5295723,67.4568270208187,32.5431729791813,4.45055498779966,3.26795864914978,64.9440305436538,49.8016376564917,0.82,26.37,Angola,Medium
AGO,2021,258.6080753,68.2524163556969,31.7475836443031,4.35382721450146,3.18132259995095,65.716257719435,50.0511353702384,0.91,26.3,Angola,Medium
AGO,2022,260.0909908,69.0506188977513,30.9493811022487,4.30572726239665,3.14302612044601,66.47632731978,50.2951359158799,0.79,25.53,Angola,Medium
AGO,2023,255.4718915,69.8515032220457,30.1484967779543,4.23383280232427,3.08065530722915,67.2244252588497,50.2951359158799,1.03,25.87,Angola,Medium
AGO,2024,258.8999127,70.6551379036435,29.3448620963565,4.18812173875964,3.04419972245653,67.9607422242112,50.2951359158799,0.95,26.28,Angola,Medium
BEN,2000,416.003669,38.2759517258875,61.7240482741125,3.88786909395408,3.07665265205002,61.053428974703,8.52812393636387,2.45,26.32,Benin,High
BEN,2001,434.2657055,38.6186257669218,61.3813742330782,3.94566327052938,3.05435506649292,61.4110451186381,8.93975126867492,3.14,26.43,Benin,High
BEN,2002,453.4631693,39.0035069872981,60.9964930127019,4.03177961555619,3.04010801597376,61.7826864714812,9.37391256843619,3.5,26.45,Benin,High
BEN,2003,473.3026499,39.4169696013044,60.5830303986956,4.1036863782595,3.04920259714654,62.177768242791,9.83877331929082,3.64,26.51,Benin,High
BEN,2004,495.5529376,39.8525699078742,60.1474300921258,4.16080169303907,3.06173106096489,62.5694755970266,10.3155921363995,3.72,26.31,Benin,High
BEN,2005,510.1660392,40.3097749006517,59.6902250993483,4.3613203982248,3.22061199704122,62.9572986699117,10.8039533008181,2.76,26.31,Benin,High
BEN,2006,508.9275094,40.7877794072449,59.2122205927551,4.29950092533551,3.12066888297415,63.3414202893598,11.3039620341641,3.0,26.54,Benin,High
BEN,2007,496.751999,41.2857782552618,58.7142217447382,4.16866939711149,2.95509554727715,63.722003378885,11.8157291558234,4.48,26.28,Benin,High
BEN,2008,473.5126076,41.8029662723105,58.1970337276895,4.26452160146063,3.01959398464251,64.0987736405784,12.3390077692944,3.83,26.11,Benin,High
BEN,2009,448.5608643,42.338538285999,57.661461714001,4.27207587479964,2.99903642214246,64.471280030876,12.8733600744969,3.91,26.23,Benin,High
BEN,2010,417.0712603,42.8916891239353,57.1083108760647,4.28225895129775,2.98424162798508,64.8398943690565,13.4190757934874,4.79,26.62,Benin,High
BEN,2011,382.9891408,43.4616136137276,56.5383863862724,4.29782353859138,2.97782202797765,65.2045676976255,13.9760843860142,3.81,26.21,Benin,High
BEN,2012,365.180444,44.0475065829838,55.9524934170162,4.30674713102812,2.96766540040992,65.5652472683148,14.5443123134086,4.19,26.09,Benin,High
BEN,2013,362.1389931,44.6502883669319,55.3497116330681,4.30804043455076,2.94885160135819,65.9215151449037,15.1233051054282,3.17,26.15,Benin,High
BEN,2014,369.1138615,45.2880529235999,54.7119470764001,4.37327321723222,2.9550187594558,66.2745990254867,15.7143302277075,3.87,26.37,Benin,High
BEN,2015,390.7645149,45.9407403257663,54.0592596742337,4.38482275823725,2.95391627666724,66.6240261475915,16.3169481534553,2.61,26.33,Benin,High
BEN,2016,415.9183733,46.6094559006664,53.3905440993336,4.36972283746272,2.92460216679542,66.9697053582587,16.9310972411709,3.46,26.83,Benin,High
BEN,2017,415.7384105,47.2942774880391,52.7057225119609,4.33975713790507,2.88117869411855,67.3115299235489,17.5567124078682,3.35,26.71,Benin,High
BEN,2018,407.709079,47.9952829275963,52.0047170724037,4.28497689850954,2.8136418840483,67.6494113960798,18.1937303852969,3.45,26.64,Benin,High
BEN,2019,399.9118393,48.7125500590248,51.2874499409752,4.21879370461655,2.73538842831436,67.9832516982572,18.8420840944928,4.68,26.83,Benin,High
BEN,2020,377.0054542,49.4461567219896,50.5538432780104,4.15735693765436,2.66259875153288,68.3129505616936,19.501704357901,4.12,26.39,Benin,High
BEN,2021,378.2004988,50.1961807561354,49.8038192438646,4.09776573732486,2.59230167510348,68.6381245479094,20.1721169387367,3.84,26.71,Benin,High
BEN,2022,376.601112,50.9627000010887,49.0372999989113,4.06291175270618,2.54740926342667,68.9589815769274,20.853650768615,4.04,26.32,Benin,High
BEN,2023,361.2623993,51.7457922964593,48.2542077035407,4.04765888333214,2.52274772277722,69.2752913846942,21.5460291941212,4.28,26.79,Benin,High
BEN,2024,354.253113,52.5455354818423,47.4544645181577,3.99546291254476,2.46175361912328,69.5868397867067,22.248968702791,3.54,26.95,Benin,High
BWA,2000,17.22551887,53.2047727398794,46.7952272601206,3.56937779145218,2.13210606291764,75.45956642678,53.7395555164228,1.8,19.69,Botswana,Low
BWA,2001,6.785648217,54.0489894446035,45.9510105553965,3.6319460877134,2.05763865830609,75.7549489796856,54.7451404334018,1.74,20.52,Botswana,Low
BWA,2002,3.169246038,55.0142988603802,44.9857011396198,3.65102278031213,1.88080986109573,75.9139062526894,55.6040876882088,1.17,20.92,Botswana,Low
BWA,2003,1.583314717,56.0979233496432,43.9020766503568,3.71020357019451,1.75962550604573,76.0519848505784,56.4322629301627,1.39,21.15,Botswana,Low
BWA,2004,1.016608783,57.2582489329358,42.7417510670642,3.80066138928458,1.75338203751141,76.1888838062927,57.2488048403831,1.57,20.8,Botswana,Low
BWA,2005,1.201835381,58.4535554684584,41.5464445315416,3.86113072010981,1.79499163132533,76.3234089658612,58.0524375220249,1.17,21.96,Botswana,Low
BWA,2006,3.864766175,59.6421228144112,40.3578771855888,3.87807745558753,1.86517712065057,77.3793746447191,58.8441205990319,1.83,19.75,Botswana,Low
BWA,2007,1.019660829,60.7822308289942,39.2177691710058,3.83172166231267,1.9381347493906,78.8176379061459,59.9949103231663,1.2,21.06,Botswana,Low
BWA,2008,1.900539221,61.8321593704079,38.1678406295921,3.72082898466704,2.0082147581123,80.2083565652811,61.1111581446206,1.2,21.16,Botswana,Low
BWA,2009,2.060198094,62.7501882968523,37.2498117031477,3.53963448967082,2.06587846755776,81.548204891568,62.1889472021203,1.74,20.61,Botswana,Low
BWA,2010,1.653670012,63.4945974665277,36.5054025334723,3.28879233538026,2.10943597528371,82.8396938380661,63.2298770256248,1.28,21.32,Botswana,Low
BWA,2011,0.496104272,64.0187810722889,35.9812189277111,2.79092713809452,1.96877479635498,84.0822411614888,64.2325786938522,1.42,20.24,Botswana,Low
BWA,2012,0.217458171,64.3993247826904,35.6006752173096,2.27038481961917,1.67774021157009,85.1198176551296,65.037275052661,0.96,21.18,Botswana,Low
BWA,2013,0.510840745,64.7579735458393,35.2420264541607,2.06457526078877,1.50921875015756,86.1035328726968,65.7908304969597,1.2,20.9,Botswana,Low
BWA,2014,1.441645643,65.0965122400825,34.9034877599175,1.97586089570463,1.45441898422222,87.0620077919626,66.5214936855642,1.55,20.15,Botswana,Low
BWA,2015,0.311489158,65.4103584313295,34.5896415686705,1.90850647582917,1.42753223737773,87.9952713631677,67.2288878869323,1.12,22.06,Botswana,Low
BWA,2016,0.665491819,65.6949296854899,34.3050703145101,1.85382980093925,1.41970172619868,88.9036684785342,67.9129615984092,1.43,21.65,Botswana,Low
BWA,2017,1.955008195,65.9456435684731,34.0543564315269,1.80135794157243,1.42047647332447,89.7870788598082,68.5731443566445,1.77,20.63,Botswana,Low
BWA,2018,0.530740991,66.1579176461888,33.8420823538112,1.74036227397811,1.41898108514606,90.6438201661521,69.2069921595304,0.97,21.64,Botswana,Low
BWA,2019,0.167515671,66.3271694845464,33.6728305154536,1.67814232532808,1.42262847077389,91.4749479975469,69.8150599678289,1.21,22.13,Botswana,Low
BWA,2020,1.133538195,66.4488166494554,33.5511833505446,1.62265167998702,1.4394103578493,91.5461365187927,70.3974291175514,1.61,20.44,Botswana,Low
BWA,2021,0.67332158,66.5182767068255,33.4817232931745,1.59573994219443,1.49130106425067,91.6110310251098,70.9542350453954,1.7,20.44,Botswana,Low
BWA,2022,0.339391901,66.5889787170477,33.4110212829523,1.69471384075785,1.58848021878269,91.6703014636918,71.4864919930582,2.06,20.47,Botswana,Low
BWA,2023,0.471310279,67.0212655349864,32.9787344650136,2.28742035043224,1.64031664035479,91.7236550803662,71.9941392506475,0.92,21.93,Botswana,Low
BWA,2024,0.200423102,67.4623537838418,32.5376462161582,2.29137163491074,1.63538411022867,91.7713640807246,72.115456599001,0.9,22.4,Botswana,Low
BFA,2000,597.1736302,18.0003503329444,81.9996496670556,7.62879177550086,2.98414422391968,55.6390919539438,8.8416258208353,1.91,27.71,Burkina Faso,High
BFA,2001,597.5415537,18.8591452143893,81.1408547856107,7.7116655529497,3.05099351122556,55.8329037014079,9.13087025476494,1.73,27.82,Burkina Faso,High
BFA,2002,592.4686237,19.725053583448,80.274946416552,7.5795709254613,3.09039308299234,55.6114304370044,10.0598427351821,1.38,28.59,Burkina Faso,High
BFA,2003,582.1431203,20.563327262892,79.436672737108,7.28008333746817,3.11812174449527,55.3903115715643,11.0080883489168,2.33,27.79,Burkina Faso,High
BFA,2004,559.009411,21.3392180754924,78.6607819245076,6.84884950664997,3.14512608695879,55.1712862578843,11.9759949734472,1.54,28.22,Burkina Faso,High
BFA,2005,528.5194511,22.0179778440204,77.9820221559796,6.27808469740722,3.14680149143287,54.9540483069105,12.9610876994314,2.1,28.32,Burkina Faso,High
BFA,2006,511.160343,22.5528306908743,77.4471693091257,5.5204727764138,3.12034537509581,54.7404102452083,13.9636797865369,1.86,27.99,Burkina Faso,High
BFA,2007,519.2678256,22.9741760828193,77.0258239171807,4.88377868131355,3.03277637197036,54.4775122533974,14.9188541884319,2.1,27.51,Burkina Faso,High
BFA,2008,549.647587,23.3633747838557,76.6366252161443,4.61804701256379,2.93816522811728,54.1709291046909,15.8385590424802,2.05,27.2,Burkina Faso,High
BFA,2009,568.5942101,23.7452325601116,76.2547674398884,4.54039680545131,2.91916025918168,53.8607620569165,16.7713190117343,2.18,27.83,Burkina Faso,High
BFA,2010,568.369186,24.115092498158,75.884907501842,4.47137126154822,2.92577947499021,53.5481792484168,17.717348101652,2.64,27.45,Burkina Faso,High
BFA,2011,554.6817927,24.4682976845657,75.5317023154343,4.41061818413126,2.95657078370668,53.2337210751368,18.6760821491649,2.17,27.13,Burkina Faso,High
BFA,2012,533.3901652,24.8001912059054,75.1998087940946,4.36448216727922,3.0171707485343,52.9175711215547,19.6465931645733,2.82,26.94,Burkina Faso,High
BFA,2013,487.1444339,25.106116148748,74.893883851252,4.22685053238766,3.00083639274971,52.6002657451869,20.6283173579476,2.54,27.17,Burkina Faso,High
BFA,2014,446.1424833,25.3814155996643,74.6185844003357,4.06394733568158,2.9733794200807,52.2827255201391,21.6210077487698,2.07,27.78,Burkina Faso,High
BFA,2015,417.9542768,25.621432645225,74.378567354775,3.90316251357792,2.96196306547686,51.9651331528119,22.623723352134,2.74,27.05,Burkina Faso,High
BFA,2016,373.1719736,25.821510372001,74.178489627999,3.70295599634333,2.92508251378454,51.6480569278797,23.6358671659231,2.47,27.33,Burkina Faso,High
BFA,2017,356.5617211,25.9769918665632,74.0230081334368,3.453237263364,2.85291595529266,51.3308302109352,24.6558918981723,2.52,27.44,Burkina Faso,High
BFA,2018,356.2296901,26.0832202154822,73.9167797845178,3.10525103527391,2.69713675384815,51.0143648746902,25.6835548762607,2.42,27.37,Burkina Faso,High
BFA,2019,356.4877927,26.1187254401157,73.8812745598843,2.66592775967332,2.52989803984158,50.6996167671279,26.7185691114763,2.43,27.25,Burkina Faso,High
BFA,2020,378.1741521,26.3578373628627,73.6421626371373,3.34653648375742,2.43522959287393,50.3862637931321,27.7597483878875,2.7,27.15,Burkina Faso,High
BFA,2021,378.5779953,26.8114307743017,73.1885692256983,4.08275479819578,2.37649218888363,50.0752719507407,28.8068022658045,2.04,27.84,Burkina Faso,High
BFA,2022,356.2663849,27.2791369742712,72.7208630257288,4.03846027131982,2.30907147387783,49.7662606215165,29.8585926182987,3.01,26.89,Burkina Faso,High
BFA,2023,353.4888665,27.7872478365158,72.2127521634842,4.115235532906,2.26973666268599,49.4606606678806,30.9150753845811,2.92,27.38,Burkina Faso,High
BFA,2024,353.4888665,28.3352514896662,71.6647485103338,4.19892549480939,2.24597728439097,49.9986600107497,31.7963485938203,2.72,27.51,Burkina Faso,High
BDI,2000,427.481375,8.04381449833197,91.956185501668,4.42724757676657,2.07761630416467,49.9050035081871,45.8832028889367,4.23,21.21,Burundi,High
BDI,2001,416.1189503,8.24107308668089,91.7589269133191,4.92850345870584,2.50568660000274,50.6076370665848,45.9762261657477,3.78,20.93,Burundi,High
BDI,2002,388.125259,8.45108277415092,91.5489172258491,5.33658858683554,2.82021948884885,51.3135864667635,46.0714530473161,3.47,21.46,Burundi,High
BDI,2003,343.447836,8.67614339385788,91.3238566061421,5.78733223507489,3.15909277106132,52.0224447392286,46.1690271798233,4.3,21.53,Burundi,High
BDI,2004,295.9728922,8.9185547789176,91.0814452210824,6.48341658412648,3.72769286109058,52.7341459347256,46.0744530371063,4.67,21.22,Burundi,Medium
BDI,2005,284.4830552,9.1806167624459,90.8193832375541,6.61031395369321,3.71426552783148,53.4486364755219,45.9780778470214,3.64,21.55,Burundi,Medium
BDI,2006,287.7828189,9.4646291775586,90.5353708224414,6.64836041653792,3.6016417629351,54.1661932522389,45.8797490696037,4.68,21.22,Burundi,Medium
BDI,2007,287.9413478,9.77289185737152,90.2271081426285,6.90321841176974,3.69817167466282,54.8864129509112,45.7793823625363,5.37,21.0,Burundi,Medium
BDI,2008,288.7748443,10.1064353383035,89.8935646616965,7.48157827841844,4.12553206908571,55.6098997229937,45.6767816936833,5.94,20.61,Burundi,Medium
BDI,2009,281.5607906,10.4979900434482,89.5020099565518,8.86724618071864,5.06613607694958,56.3355825265759,45.5719158266356,6.01,20.85,Burundi,Medium
BDI,2010,259.3396814,10.9843097335487,89.0156902664513,9.20944822168978,4.68101057302388,57.0647160568921,45.4645083129414,4.49,21.19,Burundi,Medium
BDI,2011,245.350113,11.5616652230006,88.4383347769994,8.70036095016159,3.57769854786004,57.7968901680733,45.354450786345,6.37,20.94,Burundi,Medium
BDI,2012,232.2408628,12.2244596804615,87.7755403195385,9.14294188066085,3.56852147814432,58.5316929409599,45.2416177840798,4.32,20.87,Burundi,Medium
BDI,2013,234.9596814,12.9670962745892,87.0329037254108,9.48944364876661,3.59186709345175,59.2700188901238,45.125751746761,4.48,20.85,Burundi,Medium
BDI,2014,250.8557346,13.7839781740413,86.2160218259587,9.50368804171174,3.39447686677984,60.0108002103421,45.0067757440714,4.94,20.94,Burundi,Medium
BDI,2015,284.9989772,14.6695085474754,85.3304914525246,8.4949542888441,2.26851729292704,60.754598685409,44.8844503584829,4.41,21.32,Burundi,Medium
BDI,2016,321.3045726,15.6180905635494,84.3819094364506,7.98774207472562,1.72186004024144,61.5013152508053,44.7585847024572,4.43,21.22,Burundi,High
BDI,2017,346.2885562,16.6241273909209,83.3758726090791,8.59299773061035,2.35048627086438,62.2508547109649,44.6289841238283,3.51,21.54,Burundi,High
BDI,2018,350.8209405,17.6820221982475,82.3179778017525,9.18830907813434,3.01898182778662,63.0031105309043,44.4954380894811,5.41,20.55,Burundi,High
BDI,2019,345.2803742,18.786178154187,81.213821845813,9.34095492036934,3.28367531420808,63.7579908768374,44.3577388229315,4.91,21.17,Burundi,High
BDI,2020,345.1356563,19.9309984273971,80.0690015726029,8.82413774093098,2.9086530249822,64.4028716190814,44.4548070620661,9.84,20.82,Burundi,High
BDI,2021,349.9654968,21.1108861865354,78.8891138134646,8.47552856935213,2.72425539520386,65.0493033882129,44.5545225988873,6.35,20.83,Burundi,High
BDI,2022,342.3091957,22.3202446002597,77.6797553997403,8.27635879274974,2.70585008916716,65.6975597350143,44.6569603684061,4.06,20.72,Burundi,High
BDI,2023,323.249095,23.5534768372276,76.4465231627724,8.10558048567612,2.72764441044431,65.8069881708757,44.6456125902738,4.58,21.68,Burundi,High
BDI,2024,314.8994439,24.8302838651025,75.1697161348975,7.86300205226695,2.5839340108674,65.9191041847553,44.6339890793582,5.32,21.73,Burundi,High
CPV,2000,1.22176783,53.9332149202283,46.0667850797717,3.12326771114376,1.51097073984668,79.3677594529209,36.827954010232,1.14,24.02,Cabo Verde,Low
CPV,2001,0.894080685,54.7762172320995,45.2237827679005,3.07825657547249,1.52715832330257,79.6627777965322,39.1910554393962,0.78,24.41,Cabo Verde,Low
CPV,2002,0.625869836,55.5703407979481,44.4296592020519,2.89581866204217,1.45645106544752,79.9527732071617,41.5375071985025,0.66,24.33,Cabo Verde,Low
CPV,2003,0.552490677,56.3297071979641,43.6702928020359,2.70487077117372,1.34770321112892,80.2372000142623,43.8664094982459,0.79,24.37,Cabo Verde,Low
CPV,2004,0.361051382,57.0677167011018,42.9322832988982,2.55872209777565,1.25679558194683,80.6602617486896,46.1784728572733,0.76,24.43,Cabo Verde,Low
CPV,2005,0.539126298,57.7977695763157,42.2022304236843,2.46243162201188,1.19132344131983,81.0817210123183,48.4726022548582,0.83,24.77,Cabo Verde,Low
CPV,2006,0.627013301,58.5332660925599,41.4667339074401,2.41473965861488,1.15040265762577,81.5021226151102,50.7498010778296,0.93,24.38,Cabo Verde,Low
CPV,2007,0.139525149,59.287606518789,40.712393481211,2.38738037792844,1.10689150817132,81.920929167246,53.0093493269466,0.59,24.24,Cabo Verde,Low
CPV,2008,0.268503744,60.0741911239572,39.9258088760428,2.35362682827583,1.03555151023311,82.3386902741848,55.2521980462488,1.02,24.48,Cabo Verde,Low
CPV,2009,0.493935986,60.906420177019,39.093579822981,2.32578162495795,0.950085360363308,82.754314077093,57.4769284411617,1.08,24.18,Cabo Verde,Low
CPV,2010,0.354601903,61.7974262732302,38.2025737267698,2.16948851048454,0.717181999615317,83.1663318440796,59.6818514080991,0.92,25.29,Cabo Verde,Low
CPV,2011,0.052641078,62.7419929036884,37.2580070963116,1.84272226771072,0.325685661710053,83.522244248535,61.8006547143134,0.75,24.68,Cabo Verde,Low
CPV,2012,0.007512696,63.7260454520996,36.2739545479004,1.65562755777489,0.0992767342106355,83.8774934810221,63.9530735782999,1.22,24.32,Cabo Verde,Low
CPV,2013,0.165192449,64.7486207521826,35.2513792478174,1.64464391473185,0.052725108136232,84.2318960930689,66.0992428842147,0.92,24.4,Cabo Verde,Low
CPV,2014,0.195189334,65.8085112712742,34.1914887287258,1.64324666202082,0.0197159536864678,84.5854646017969,68.2388818808702,0.56,23.97,Cabo Verde,Low
CPV,2015,0.052543874,66.9045094767116,33.0954905232884,1.66511437935516,0.0132719182020122,84.9382015962204,70.3717073692285,1.7,24.07,Cabo Verde,Low
CPV,2016,0.367691199,68.0354078358316,31.9645921641684,1.70726295941253,0.0312210963482392,85.581322426682,72.496932762021,1.43,24.39,Cabo Verde,Low
CPV,2017,3.172055912,69.1999988159713,30.8000011840287,1.76344743706428,0.0661175101881539,86.333068742186,74.6142580571751,0.84,24.59,Cabo Verde,Low
CPV,2018,0.014982732,70.3970748844677,29.6029251155323,1.81675714123481,0.101723857752759,87.0755452684611,76.7237249815456,0.65,23.63,Cabo Verde,Low
CPV,2019,0.0,71.6254285086577,28.3745714913423,1.86394088037893,0.134109462358547,87.808568861158,78.8249549430518,0.57,24.13,Cabo Verde,Low
CPV,2020,0.0,72.8838521558784,27.1161478441216,1.85356158998151,0.11178257414313,88.5325658069206,80.9181460926349,0.77,24.76,Cabo Verde,Low
CPV,2021,0.0,74.1607930892827,25.8392069107173,2.11885242169885,0.38203217521266,89.2475125078835,83.0030877232497,0.8,24.5,Cabo Verde,Low
CPV,2022,0.0,75.033738060849,24.966261939151,1.76688526313227,0.596688345869947,90.0089261333879,83.045304882988,0.91,24.61,Cabo Verde,Low
CPV,2023,0.0,75.9064245753376,24.0935754246624,1.65351450098911,0.497087597239901,91.14605423466,83.0869470550891,0.99,25.49,Cabo Verde,Low
CPV,2024,0.139226778,76.7721471004354,23.2278528995646,1.62016548003139,0.486246288487151,92.2800892661912,83.1279216157097,0.72,25.34,Cabo Verde,Low
CMR,2000,394.8475624,46.2449829402599,53.7550170597401,3.80386520381468,2.63276307164066,55.8213658801787,37.5661811000038,4.53,23.37,Cameroon,High
CMR,2001,426.2919927,46.7627509050978,53.2372490949022,3.7398306237181,2.62643255915311,56.6676381767761,37.7799954148968,4.18,23.16,Cameroon,High
CMR,2002,437.1739656,47.2589242513436,52.7410757486564,3.73669307454353,2.68124815756453,57.4955566062435,37.9947075137207,4.29,23.42,Cameroon,High
CMR,2003,441.4048838,47.7325523560061,52.2674476439939,3.72468900917391,2.72747133462562,58.3047768722943,38.3633336781567,3.39,23.65,Cameroon,High
CMR,2004,438.7336145,48.1826845960942,51.8173154039058,3.68602843223233,2.74741504067453,59.0958722241739,38.736762781943,4.01,23.89,Cameroon,High
CMR,2005,435.5784389,48.5837852394685,51.4162147605315,3.58474428382333,2.75573848394242,59.8676453814021,39.1141100533379,3.92,23.76,Cameroon,High
CMR,2006,425.9482658,49.2044173412861,50.7955826587139,4.01791443003393,2.74855128044116,60.6211512430006,39.4959944299355,4.52,23.52,Cameroon,High
CMR,2007,409.947736,49.7027028593758,50.2972971406242,3.81386179296223,2.80627824632764,61.3565272358718,39.8824343932762,5.28,23.39,Cameroon,High
CMR,2008,391.6347619,50.0858325268669,49.9141674731331,3.63047789347456,2.86258453269924,62.0739139861275,40.2734502147764,3.5,23.35,Cameroon,High
CMR,2009,351.1498107,50.4714131335678,49.5285868664322,3.63228149370686,2.86539222671372,62.7730584341751,40.6687438087427,3.93,23.69,Cameroon,High
CMR,2010,295.6715724,50.8505075371362,49.1494924628638,3.60595579565578,2.85766146651935,63.4545114882578,41.0686436848584,4.72,23.71,Cameroon,Medium
CMR,2011,266.5984688,51.2229843034125,48.7770156965875,3.55825175007158,2.82842297078772,64.1180510058743,41.47285114669,3.87,23.33,Cameroon,Medium
CMR,2012,261.1390195,51.5887119982861,48.4112880017139,3.52450092325214,2.8130471843416,64.7638368158669,41.8813685431632,4.44,23.32,Cameroon,Medium
CMR,2013,271.0968165,51.9475591877024,48.0524408122976,3.50227847270815,2.80909371019789,65.3916897275554,42.2938755253473,4.09,23.38,Cameroon,Medium
CMR,2014,272.5068975,52.2993944376709,47.7006055623291,3.70092347007428,3.02592195035823,66.0018143956848,42.7103744161323,3.65,23.54,Cameroon,Medium
CMR,2015,271.055607,52.6440863142742,47.3559136857258,3.79625667917574,3.13934346036401,66.594406364624,43.1308620153925,3.7,23.67,Cameroon,Medium
CMR,2016,268.5342273,52.9815033836792,47.0184966163208,3.62822886976368,2.98933225067819,67.1696687119462,43.555339313602,4.24,24.13,Cameroon,Medium
CMR,2017,258.9845553,53.3115142121504,46.6884857878496,3.45594975125264,2.83499798189177,67.7271653530667,43.9831129823405,3.96,23.91,Cameroon,Medium
CMR,2018,248.9797082,53.6339873660653,46.3660126339347,3.37336649428071,2.77030987519388,68.2677705308144,44.4148640176423,3.71,23.8,Cameroon,Medium
CMR,2019,243.4369903,53.9487914119331,46.0512085880669,3.36687989748001,2.78164441246944,68.7910816912942,44.8498829146317,3.02,24.42,Cameroon,Medium
CMR,2020,264.811951,54.2557949164174,45.7442050835826,3.29194071591452,2.7244863481235,69.29764588045,45.2885112207418,4.25,24.08,Cameroon,Medium
CMR,2021,270.6524929,54.5548664463635,45.4451335536365,3.20467043533678,2.65496076580698,69.787122797367,45.7300133468788,4.08,23.98,Cameroon,Medium
CMR,2022,265.0342957,54.8458745688318,45.1541254311682,3.16105545017565,2.62905090961273,70.2600597493354,46.1747220268822,4.67,23.73,Cameroon,Medium
CMR,2023,259.0790925,55.1286878511388,44.8713121488612,3.15677856255549,2.64245336134821,70.7167101481695,46.6226225275107,3.09,24.19,Cameroon,Medium
CMR,2024,260.4594815,55.4031748609078,44.5968251390922,3.10935129574733,2.61268294319567,71.410178711283,47.0729484414837,2.82,25.22,Cameroon,Medium
CAF,2000,438.1199432,37.7014879765364,62.2985120234636,2.88101973712682,2.74955419856204,59.0104891106011,20.5939671158027,3.53,26.3,Central African Republic,High
CAF,2001,438.5066209,37.7560236207831,62.2439763792169,2.36495487368306,2.2204466205594,57.8285760231061,20.5472812527442,2.45,26.71,Central African Republic,High
CAF,2002,447.8468587,37.8169752995511,62.1830247004489,2.34649320075814,2.18516803355959,56.6533336515989,20.5005930190466,2.34,27.97,Central African Republic,High
CAF,2003,455.2373506,37.8863171931924,62.1136828068076,2.57588395247972,2.39269152862068,55.4843767503789,20.4536055406808,2.57,27.61,Central African Republic,High
CAF,2004,461.2717055,37.9626889392062,62.0373110607938,2.36491849167949,2.16355960798951,54.321703276721,20.4063183359002,2.64,27.94,Central African Republic,High
CAF,2005,465.2595942,38.0448510426866,61.9551489573134,2.47963613125001,2.2634335589763,53.1725538897854,19.9721484876891,2.92,28.13,Central African Republic,High
CAF,2006,467.9287341,38.134433681123,61.865566318877,2.28386715162959,2.04865266623958,52.0363869925111,19.5450443579564,2.37,27.88,Central African Republic,High
CAF,2007,467.5929972,38.2343339436079,61.7656660563921,2.18898295697007,1.92738176317224,50.9129861465533,19.1248924348841,4.22,26.62,Central African Republic,High
CAF,2008,465.7435661,38.3474489192338,61.6525510807662,2.42844314334803,2.1330142206447,49.801462843986,18.7110288344225,3.93,25.61,Central African Republic,High
CAF,2009,463.5486149,38.476675697093,61.523324302907,-0.322383081720057,-0.65882495965577,48.7012778059616,18.3030854351949,4.8,25.77,Central African Republic,High
CAF,2010,453.1091176,38.6244963104203,61.3755036895797,-0.415753911662989,-0.799202484181735,47.6121825064348,17.9009516216973,4.85,25.45,Central African Republic,High
CAF,2011,443.0376114,38.8030669465007,61.1969330534993,2.05159237549988,1.59035970102042,46.5333196670966,17.5040118095515,4.01,25.4,Central African Republic,High
CAF,2012,434.7887851,39.0301696038517,60.9698303961483,1.58245134263534,0.998867377606297,45.4644259836138,17.1121597682915,3.96,25.38,Central African Republic,High
CAF,2013,427.3188181,39.3042963482777,60.6957036517223,1.38225059173611,0.682377856508138,44.4049337595255,16.7250416550218,4.33,25.34,Central African Republic,High
CAF,2014,420.3927079,39.6226521868738,60.3773478131262,0.391468071212373,-0.415235398986532,43.3540006911393,16.3420825760043,3.26,25.94,Central African Republic,High
CAF,2015,410.3099375,39.9824421267351,60.0175578732649,1.03662819347201,0.132677645471712,42.3113468572103,15.9631877672806,3.01,26.45,Central African Republic,High
CAF,2016,395.974638,40.3808711749566,59.6191288250434,2.79711059597392,1.80553237158984,41.2766435897443,15.5882414691861,4.7,26.54,Central African Republic,High
CAF,2017,387.4411444,40.8151443386334,59.1848556613666,2.74947006627498,1.67978155291511,40.2488145100733,15.2164870297134,4.43,25.4,Central African Republic,High
CAF,2018,385.2609437,41.2824666248606,58.7175333751394,2.89917718795956,1.76068487647458,39.2275482962991,14.8478356260426,4.14,25.27,Central African Republic,High
CAF,2019,383.2927883,41.7800430407332,58.2199569592668,2.5427792849473,1.34469255324203,38.2122663974409,14.481982156805,4.33,26.14,Central African Republic,High
CAF,2020,376.0841264,42.3050785933463,57.6949214066537,2.89208877763453,1.64324789708014,37.2024024961025,14.1186349646869,5.51,25.79,Central African Republic,High
CAF,2021,364.2528511,42.8547782897949,57.1452217102051,2.97708178008193,1.68608971248183,36.1973817854423,13.7575074575386,3.82,25.42,Central African Republic,High
CAF,2022,354.5004265,43.2751967457285,56.7248032542715,0.700804443817285,-0.275432271573156,36.2950440146654,13.8462941483121,5.13,25.47,Central African Republic,High
CAF,2023,345.9834408,43.6983692134165,56.3016307865835,2.0342087482838,1.06107453184959,36.3972597405494,13.939220081887,5.9,25.93,Central African Republic,High
CAF,2024,343.843732,44.1243555638904,55.8756444361096,4.37152557937021,3.40139844069992,36.5040268237207,14.0362838980325,4.01,26.25,Central African Republic,High
TCD,2000,272.1289102,21.6527690760484,78.3472309239516,3.58770464599491,3.45886279310456,38.6325926482475,9.69267435850219,1.0,29.12,Chad,Medium
TCD,2001,276.6169047,21.6780982595188,78.3219017404812,3.4901591861495,3.3732389780589,39.2138920881582,9.7751135418566,1.15,29.04,Chad,Medium
TCD,2002,243.1752468,21.7007762031515,78.2992237968485,3.58771035758799,3.48319249588089,39.797511560643,9.85770983495689,0.89,29.64,Chad,Medium
TCD,2003,240.3368691,21.7207031172239,78.2792968827761,4.08761005557237,3.9958067889148,40.3843409836693,9.94081082830359,1.4,29.23,Chad,Medium
TCD,2004,237.3915434,21.7377792120134,78.2622207879866,4.53324068274152,4.4546309402426,40.9739132233023,10.0242446229249,0.81,29.9,Chad,Medium
TCD,2005,241.2660286,21.7519046977973,78.2480953022027,4.09605123580983,4.03110110056051,41.5662153725752,10.1080110721991,1.4,29.67,Chad,Medium
TCD,2006,242.1988353,21.7629797848529,78.2370202151471,3.64853252715221,3.59763738193098,42.1612381034332,10.1921113947544,0.98,29.9,Chad,Medium
TCD,2007,236.1432827,21.7709046834576,78.2290953165424,3.48117380347143,3.44475544445336,42.759391223653,10.2767459840374,1.08,29.33,Chad,Medium
TCD,2008,237.8555199,21.7755796038887,78.2244203961113,3.52067712681126,3.49922011538019,43.3598104531509,10.3615175647599,2.11,28.12,Chad,Medium
TCD,2009,245.1041848,21.7784396568755,78.2215603431245,3.58610050390321,3.57296976276489,43.9629137566651,10.4835847980319,1.48,29.43,Chad,Medium
TCD,2010,244.6646967,21.8472378191095,78.1527621808905,3.77619184872469,3.46077094768596,44.5760310573362,10.6144013332631,1.74,28.77,Chad,Medium
TCD,2011,228.3630494,21.9558736797638,78.0441263202362,4.02620372114781,3.53020185416521,45.1988546215139,10.7545443393763,1.48,28.62,Chad,Medium
TCD,2012,215.4749261,22.1061904148178,77.8938095851822,4.19494118489297,3.51265481153462,45.8314573063676,10.9048548883194,1.94,28.25,Chad,Medium
TCD,2013,208.0210694,22.2975929852391,77.7024070147609,4.43159492885477,3.5694788341769,46.473095846077,11.0657152698931,1.51,29.28,Chad,Medium
TCD,2014,212.0052629,22.5294513486009,77.4705486513991,4.60444642513961,3.56998697827762,47.123415071397,11.2377495765285,1.69,28.71,Chad,Medium
TCD,2015,215.0271111,22.8011258828974,77.1988741171026,4.38203688630914,3.18336105662872,47.7824336610333,11.421878644262,1.55,28.7,Chad,Medium
TCD,2016,214.2996233,23.1119734707179,76.8880265292821,4.49276053097361,3.13868697646131,48.4497536859394,11.6187911677525,1.73,29.02,Chad,Medium
TCD,2017,217.0853296,23.461349471105,76.538650528895,4.8067498781235,3.30639583736028,49.124967257941,11.8291930674672,1.32,29.12,Chad,Medium
TCD,2018,224.9858194,23.8486084924975,76.1513915075025,4.99671796942231,3.35956028710956,49.8080053480297,12.0541194503815,1.83,28.67,Chad,Medium
TCD,2019,217.2197469,24.2731047386633,75.7268952613367,4.98422178448643,3.21991132048391,50.4980631195055,12.2940184363217,1.48,28.94,Chad,Medium
TCD,2020,208.7426512,24.7341921795416,75.2658078204584,5.06372185820467,3.18197036099619,51.195378612918,12.5503209104072,1.42,28.83,Chad,Medium
TCD,2021,206.6533232,25.2312246423075,74.7687753576925,5.43382373867708,3.44423869357111,51.8991024750567,12.823518442494,1.08,29.5,Chad,Medium
TCD,2022,209.093854,25.7635558629694,74.2364441370306,5.54455079440034,3.45668911084691,51.9951528405103,12.9220668166821,1.68,28.15,Chad,Medium
TCD,2023,205.1214391,26.3305395171046,73.6694604828954,6.7508424266823,4.57399213394625,52.0983569633172,13.0279538007946,1.45,29.78,Chad,Medium
TCD,2024,206.1380953,26.9315292389497,73.0684707610503,7.20534416894141,4.94853027382671,52.2090525523694,13.1415290614475,1.72,28.89,Chad,Medium
COM,2000,66.37081475,28.0360512192055,71.9639487807945,1.72000925202685,1.91989444545768,87.3387610880315,24.4251137817351,2.24,26.42,Comoros,Low
COM,2001,65.0707211,27.9902886596605,72.0097113403395,1.89286752389996,2.05675116831034,87.5288111586306,26.1545650647282,1.95,26.51,Comoros,Low
COM,2002,63.81022073,27.9586267103537,72.0413732896463,2.00307244942228,2.11608023442771,87.4264757809148,27.7107884685143,2.82,26.76,Comoros,Low
COM,2003,62.55561191,27.9448864609618,72.0551135390382,1.87773349268179,1.92701943618421,87.322688934515,29.2480866735385,2.31,26.84,Comoros,Low
COM,2004,61.30662093,27.9596300229124,72.0403699770876,1.94911516324547,1.89592485384757,87.2174998697346,30.7668527595674,2.94,26.73,Comoros,Low
COM,2005,60.09344044,28.016895208368,71.983104791632,2.24543785652628,2.04084019817184,87.1113174713824,32.2696522597859,2.31,26.92,Comoros,Low
COM,2006,58.91000127,28.1143215973031,71.8856784026969,2.3638892619232,2.0170547631074,87.0042522799134,33.75605986205,3.42,26.58,Comoros,Low
COM,2007,57.75084856,28.2493321448949,71.7506678551051,2.47238849553151,1.99305922756432,86.8964208746241,35.2256531986229,1.87,26.86,Comoros,Low
COM,2008,56.61147898,28.4193498063202,71.5806501936798,2.58677835289024,1.98685114604965,86.7879033627296,36.6778613088967,2.68,26.46,Comoros,Low
COM,2009,55.4905623,28.6217975367563,71.3782024632437,2.69858783646424,1.98865318234701,86.6788340551763,38.1124210259684,2.04,26.84,Comoros,Low
COM,2010,55.7971767,28.8540982913801,71.1459017086199,2.79611651624115,1.98790768401212,86.5693640440455,39.5290364231299,2.16,26.96,Comoros,Low
COM,2011,37.20646173,29.1136750253686,70.8863249746314,2.8945044841069,1.99871797531046,86.4595303039768,40.9270162396415,2.74,26.8,Comoros,Low
COM,2012,73.11895474,29.397950693899,70.602049306101,2.98289188155572,2.01149862727803,86.3494754574658,42.3060704892515,3.05,26.68,Comoros,Low
COM,2013,76.35250046,29.7043482521482,70.2956517478518,3.15067909227555,2.11384957294193,86.2393591823008,43.665877233981,2.16,26.83,Comoros,Low
COM,2014,3.096266771,30.0302906552932,69.9697093447068,3.26667410902472,2.17541496047092,86.1291911979684,45.005792347169,2.91,26.89,Comoros,Low
COM,2015,2.592605844,30.3732008585112,69.6267991414888,3.2467289812656,2.11093338446849,86.0191792490847,46.3255872493184,2.92,27.05,Comoros,Low
COM,2016,1.977779306,30.7305018169792,69.2694981830208,3.22054856018395,2.05111578193354,85.9094298430236,47.6248040673008,2.71,26.88,Comoros,Low
COM,2017,5.148882801,31.0996559689293,68.9003440310707,3.18637159823942,1.99257798738542,85.8000023194019,48.9029223957365,2.88,27.06,Comoros,Low
COM,2018,19.68143703,31.4073645195839,68.5926354804161,2.93746534116347,1.95274153616222,85.6910036830202,50.159514854681,3.56,26.86,Comoros,Low
COM,2019,22.374132,31.7287584068243,68.2712415931757,2.94182509163203,1.92385702700328,85.582654605357,51.3942491790653,3.56,27.24,Comoros,Low
COM,2020,5.667177369,32.0638072194881,67.9361927805119,3.01261004943326,1.96199379762606,85.4750115485724,52.6066035113726,4.89,27.06,Comoros,Low
COM,2021,12.87867862,32.4124444313246,67.5875555686754,3.05770058680522,1.97631988078353,85.368182871054,53.7961210274577,2.65,26.84,Comoros,Low
COM,2022,24.78458093,32.7746035528748,67.2253964471252,3.04966893419291,1.93837687010445,85.2623417962655,54.9623663372908,2.47,26.62,Comoros,Low
COM,2023,24.75225985,33.1502180946901,66.8497819053099,3.06268951968197,1.92327433672711,85.1575256557465,56.104836588019,3.36,27.31,Comoros,Low
COM,2024,62.78703204,33.5392215673301,66.4607784326699,3.0584064449158,1.89182789744612,85.0539278589302,57.2230888156822,3.67,27.58,Comoros,Low
COD,2000,458.2441823,34.9008752617485,65.0991247382515,4.67026172829358,3.20780748301006,37.5495370732434,23.7477310886232,4.07,24.74,"Congo, Dem. Rep.",High
COD,2001,457.5992747,35.4153526820763,64.5846473179237,4.63041678553612,3.1670663452371,37.5216314439844,23.2925757259411,3.91,24.41,"Congo, Dem. Rep.",High
COD,2002,460.7039366,35.937064393184,64.062935606816,4.5185842320562,3.05620605844951,37.4846118447221,22.8409794207926,6.38,25.04,"Congo, Dem. Rep.",High
COD,2003,467.3582712,36.4654627231369,63.5345372768631,4.38088342501025,2.92124332432638,37.4384405884601,22.3929738740922,5.96,24.79,"Congo, Dem. Rep.",High
COD,2004,467.6217957,37.0,63.0,4.39981145786011,2.94457864295254,37.3830762048941,21.9485957968142,3.75,25.48,"Congo, Dem. Rep.",High
COD,2005,468.3312791,37.4018738621901,62.5981261378099,4.15201719742576,3.07172770424984,37.3204734649606,21.5079480867388,3.79,26.01,"Congo, Dem. Rep.",High
COD,2006,464.8020197,37.8024827128113,62.1975172871887,4.14824293140344,3.08284543640824,37.2515489023917,21.0891369417888,3.96,25.38,"Congo, Dem. Rep.",High
COD,2007,448.3178588,38.201781337298,61.798218662702,4.07605218945203,3.02531584938763,37.1762282091892,20.6788073735842,4.36,25.11,"Congo, Dem. Rep.",High
COD,2008,429.8277221,38.5997245210844,61.4002754789156,4.05211332732979,3.01581282864875,37.0934309203905,20.2769257473546,3.42,25.43,"Congo, Dem. Rep.",High
COD,2009,405.2270097,38.9962670496049,61.0037329503951,4.11305527281654,3.09097719189927,37.0040705646358,19.8835866395137,5.05,25.07,"Congo, Dem. Rep.",High
COD,2010,381.318348,39.391363708294,60.608636291706,4.19558449694885,3.18751592835336,36.9070813122382,19.4987263873328,4.09,25.01,"Congo, Dem. Rep.",High
COD,2011,360.232861,39.7849692825859,60.2150307174141,4.27442453978763,3.28016564590395,36.8033581567191,19.1224518584775,4.33,24.76,"Congo, Dem. Rep.",High
COD,2012,335.7967412,40.1770385579151,59.8229614420849,4.31924989076148,3.33860489598034,36.691850585446,18.754668067258,4.26,24.59,"Congo, Dem. Rep.",High
COD,2013,310.4858404,40.5675263197158,59.4324736802842,4.36893465854831,3.40170849300578,36.5724802578576,18.3953621300218,4.57,24.7,"Congo, Dem. Rep.",Medium
COD,2014,297.362933,40.9563873534225,59.0436126465775,4.34467556104621,3.39069033335839,36.4456556153398,18.044594889942,3.81,24.74,"Congo, Dem. Rep.",Medium
COD,2015,303.0394902,41.3435764444694,58.6564235555306,4.24317443146634,3.3022434270539,36.3108122967194,17.7022823048892,3.76,25.58,"Congo, Dem. Rep.",Medium
COD,2016,310.2763857,41.7290483782911,58.2709516217089,4.46904992839239,3.54100823238224,36.1678765737664,17.3684018777428,4.55,25.18,"Congo, Dem. Rep.",Medium
COD,2017,324.0694053,42.1127579403217,57.8872420596783,4.57217173759111,3.65684620577994,36.016305001478,17.0428367247806,5.21,24.85,"Congo, Dem. Rep.",High
COD,2018,337.4244232,42.4946599159958,57.5053400840042,4.25003232593599,3.34726508426912,35.8564891827066,16.7256345274003,6.11,24.72,"Congo, Dem. Rep.",High
COD,2019,339.7696948,42.8747090907476,57.1252909092524,4.05989799278496,3.1695285579572,35.6878940308452,16.416662028181,3.67,25.39,"Congo, Dem. Rep.",High
COD,2020,338.9196758,43.2528602500115,56.7471397499885,4.09910653013793,3.22098049233111,35.5104494105668,16.1158651582213,7.17,24.79,"Congo, Dem. Rep.",High
COD,2021,338.0367627,43.6290681792218,56.3709318207782,4.10393394791464,3.23790848096045,35.3236207810538,16.1461710925268,4.59,24.85,"Congo, Dem. Rep.",High
COD,2022,327.9426594,44.003287663813,55.996712336187,4.07747352876404,3.2234019442495,35.1273466119185,16.1744730669276,5.29,24.66,"Congo, Dem. Rep.",High
COD,2023,325.2947774,44.3754734892194,55.6245265107806,4.10189264727641,3.25963514299902,35.4034461859588,16.2386817602994,4.17,25.08,"Congo, Dem. Rep.",High
COD,2024,321.8929684,44.7455804408753,55.2544195591247,4.07315231217813,3.24257627586721,35.6813611952254,16.3033122368932,3.61,25.92,"Congo, Dem. Rep.",High
COG,2000,349.6005674,58.8947380255871,41.1052619744129,4.76927727996038,3.83186610159414,58.3988116212173,11.9201113215231,4.07,24.74,"Congo, Rep.",High
COG,2001,349.0573216,59.4417859130405,40.5582140869595,4.6981856557834,3.77361792459761,58.6923918261786,11.9684717452745,3.91,24.41,"Congo, Rep.",High
COG,2002,327.0412472,59.9716066874511,40.0283933125489,3.249884908689,2.36249435317099,59.1842225873936,12.2942562189499,6.38,25.04,"Congo, Rep.",High
COG,2003,327.9092633,60.4694583791889,39.5305416208111,3.62191961878632,2.79519896193446,59.6736944537537,12.623677389001,5.96,24.79,"Congo, Rep.",High
COG,2004,325.7928501,60.9205990186239,39.0794009813761,4.16100779904244,3.41769832826944,60.6181552928178,13.081524943127,3.75,25.48,"Congo, Rep.",High
COG,2005,309.0220656,61.310286636126,38.689713363874,4.24141838769461,3.60380377830421,61.5609564350404,13.5511098859657,3.79,26.01,"Congo, Rep.",Medium
COG,2006,286.8445871,61.6237792620651,38.3762207379349,4.25399784281425,3.74399199815897,62.5017877997765,14.0325360521402,3.96,25.38,"Congo, Rep.",Medium
COG,2007,254.971699,61.8502563370293,38.1497436629707,4.02610013181682,3.65924543843284,63.4409103501595,14.526041670099,4.36,25.11,"Congo, Rep.",Medium
COG,2008,226.4142825,62.0354815675203,37.9645184324797,3.5878820900119,3.28885266905607,64.3791200953514,15.0320398597223,3.42,25.43,"Congo, Rep.",Medium
COG,2009,214.4468667,62.2172294650265,37.7827705349735,4.2884947618823,3.99594017742806,65.3159834381157,15.5506904084731,5.05,25.07,"Congo, Rep.",Medium
COG,2010,214.4367578,62.3922871058739,37.6077128941261,4.42340256783818,4.14243050486562,66.2515975807208,16.0823108780158,4.09,25.01,"Congo, Rep.",Medium
COG,2011,215.6782055,62.5597508130231,37.4402491869769,3.51863244092681,3.25058981932031,67.1844431261946,16.6267539486772,4.33,24.76,"Congo, Rep.",Medium
COG,2012,215.8993345,62.7187169094345,37.2812830905655,3.05016951875323,2.79640825415116,68.1146295030684,17.1843319193312,4.26,24.59,"Congo, Rep.",Medium
COG,2013,218.1901172,62.8682817180686,37.1317182819314,2.6691374871158,2.43092781986762,69.0417229915666,17.7552084772419,4.57,24.7,"Congo, Rep.",Medium
COG,2014,213.0581927,63.0075415618859,36.9924584381141,2.63735533471059,2.41608932821437,69.9648050667042,18.3393600656814,3.81,24.74,"Congo, Rep.",Medium
COG,2015,210.6150369,63.135592763847,36.864407236153,2.6194024381139,2.41638740919909,70.8834804766701,18.9369281667441,3.76,25.58,"Congo, Rep.",Medium
COG,2016,215.7471006,63.2515316469123,36.7484683530877,2.6051648404399,2.42169941927317,71.7973477617,19.5480521293593,4.55,25.18,"Congo, Rep.",Medium
COG,2017,235.8956093,63.3544545340423,36.6455454659577,2.59283378977474,2.43024073423953,72.7060273572944,20.1728789551264,5.21,24.85,"Congo, Rep.",Medium
COG,2018,249.7715716,63.4434577481975,36.5565422518025,2.5792312097329,2.43884022378671,72.9020532045187,20.2685707874205,6.11,24.72,"Congo, Rep.",Medium
COG,2019,245.939714,63.5176376123385,36.4823623876615,2.52317802749057,2.40634419722279,73.0980812765278,20.3642632516174,3.67,25.39,"Congo, Rep.",Medium
COG,2020,240.8405313,63.5760904494257,36.4239095505743,2.48678206982997,2.39477691216791,73.2936799973637,20.4597460251332,7.17,24.79,"Congo, Rep.",Medium
COG,2021,232.0199491,63.6179125824196,36.3820874175804,2.45989791194584,2.39414288318435,73.4884211673414,20.5548099594917,4.59,24.85,"Congo, Rep.",Medium
COG,2022,220.5201435,63.6422003342807,36.3577996657193,2.43481929331073,2.39665300284304,73.4884211673414,20.5548099594917,5.29,24.66,"Congo, Rep.",Medium
COG,2023,219.4629206,63.6626757615625,36.3373242384375,2.45135658716966,2.41919038084212,73.4884211673414,20.5548099594917,4.17,25.08,"Congo, Rep.",Medium
COG,2024,221.0209411,63.8866111699904,36.1133888300096,2.74942325759454,2.39829082784283,73.4884211673414,20.5548099594917,3.61,25.92,"Congo, Rep.",Medium
CIV,2000,490.516924,43.0840065011913,56.9159934988087,3.63755126002446,2.76729583954346,68.7946138845833,20.0416175559052,3.18,26.35,Cote d'Ivoire,High
CIV,2001,502.2425708,43.4670149035012,56.5329850964988,3.56044790232154,2.67539291726228,69.1799896467784,20.7171311612942,2.9,26.7,Cote d'Ivoire,High
CIV,2002,506.3207691,43.859032147728,56.140967852272,3.48179149823021,2.58396350857445,69.5630827839749,21.3928455958678,2.47,27.47,Cote d'Ivoire,High
CIV,2003,509.6137406,44.2593744150531,55.7406255849469,3.4009284974214,2.49227881118865,69.9435023946029,22.0684596804749,3.2,26.9,Cote d'Ivoire,High
CIV,2004,500.357285,44.667357886658,55.332642113342,3.34255525511024,2.42497124712807,70.3215551742465,22.7442737383766,3.15,26.82,Cote d'Ivoire,High
CIV,2005,466.3436756,45.082298743724,54.917701256276,3.31215450416703,2.38748971138117,70.6961620276826,23.5549453716697,3.27,26.59,Cote d'Ivoire,High
CIV,2006,425.6100779,45.5035131674326,54.4964868325674,3.28558818931295,2.35559796287643,71.0679891332651,24.3743169320385,3.12,26.69,Cote d'Ivoire,High
CIV,2007,391.5072534,45.930317338965,54.069682661035,3.26070573340657,2.3271214491968,71.4370073419778,25.2023258965762,2.95,26.65,Cote d'Ivoire,High
CIV,2008,392.9658771,46.3620274395029,53.6379725604971,3.21031023250197,2.27477682329573,71.8031717766337,26.0389018909406,3.21,26.62,Cote d'Ivoire,High
CIV,2009,426.164242,46.7979596502274,53.2020403497726,3.15833792422617,2.22245214914258,72.1658002425728,26.8833706227341,3.6,26.54,Cote d'Ivoire,High
CIV,2010,458.1223177,47.2374301523201,52.7625698476799,3.1382905238331,2.20359114199838,72.5255308385242,27.736273942075,4.27,26.43,Cote d'Ivoire,High
CIV,2011,461.5794301,47.6797551269623,52.3202448730377,3.10468439770448,2.17265768049368,72.8823142494903,28.5975387967836,3.62,25.95,Cote d'Ivoire,High
CIV,2012,375.1917047,48.1242507553354,51.8757492446646,3.01665273209129,2.08872019159152,73.2358134121721,29.4667970282772,3.48,26.31,Cote d'Ivoire,High
CIV,2013,287.3865774,48.5702332186208,51.4297667813792,2.91675127414901,1.99427988380631,73.5860051813631,30.3439798658214,3.39,26.52,Cote d'Ivoire,Medium
CIV,2014,243.2454812,49.0173144557368,50.9826855442632,3.34120218321848,2.42493545476417,73.932866465233,31.2290182892459,4.66,26.11,Cote d'Ivoire,Medium
CIV,2015,242.1159469,49.4694894689553,50.5305105310447,3.80731191078549,2.88906178023194,74.2789991723986,32.1245714539308,3.4,26.16,Cote d'Ivoire,Medium
CIV,2016,258.1034563,49.929991034032,50.070008965968,3.82734924738251,2.90076810314127,74.623678155198,33.0299664803717,2.94,27.24,Cote d'Ivoire,Medium
CIV,2017,268.5383373,50.3977309654344,49.6022690345656,3.7548001860726,2.82237176165589,74.9670485097416,33.945429522791,2.91,27.16,Cote d'Ivoire,Medium
CIV,2018,280.2152564,50.8718477756395,49.1281522243605,3.63331831550493,2.69696827034562,75.3089683562102,34.8708875943719,3.78,26.47,Cote d'Ivoire,Medium
CIV,2019,292.7641743,51.3514799771241,48.6485200228759,3.55757542578992,2.61916841176218,75.6490184756229,35.8059580233634,3.96,26.76,Cote d'Ivoire,Medium
CIV,2020,295.6638508,51.8357660823651,48.1642339176349,3.46886576146738,2.53019803537112,75.9870680852305,36.7505613601134,3.5,26.7,Cote d'Ivoire,Medium
CIV,2021,283.6400432,52.3183461956059,47.6816538043941,3.40065819276816,2.47398737434864,76.3229847618577,37.704616869195,3.95,26.76,Cote d'Ivoire,Medium
CIV,2022,280.8684138,52.8492549676673,47.1507450323327,3.52587849974979,2.51622934953513,76.6566348508061,38.6680398290793,4.63,26.07,Cote d'Ivoire,Medium
CIV,2023,269.2543208,53.4075201638704,46.5924798361296,3.55464259521521,2.50384681190665,76.9878854497263,39.6407426651959,4.37,26.33,Cote d'Ivoire,Medium
CIV,2024,267.9490628,53.9733113940142,46.0266886059858,3.48999214741196,2.43618201263834,77.2470593822361,40.4070687976128,2.88,27.67,Cote d'Ivoire,Medium
GNQ,2000,334.3011806,38.8154587133988,61.1845412866012,5.27208629047149,5.26428495953201,51.0981400291321,54.790530594174,6.01,26.76,Equatorial Guinea,High
GNQ,2001,331.498263,38.8638365386531,61.1361634613469,6.53461723777714,6.41008323195062,51.7904438770813,55.776966411997,8.08,26.65,Equatorial Guinea,High
GNQ,2002,325.0413243,39.1969150391705,60.8030849608295,7.07357141323182,6.2200195333548,52.54199672143,56.7470042992933,6.22,26.99,Equatorial Guinea,High
GNQ,2003,332.787647,39.895902485648,60.104097514352,7.83366609365533,6.06631754137354,53.3504174439606,57.6992350383254,5.39,27.11,Equatorial Guinea,High
GNQ,2004,346.232315,40.9304009672368,59.0695990327632,8.51856815274429,5.95846501494265,54.2150297528476,58.6335894811516,6.93,27.05,Equatorial Guinea,High
GNQ,2005,357.6354253,42.2814597171299,57.7185402828701,8.38596398560062,5.13840208613784,55.1317186570274,59.5483734842498,6.45,27.09,Equatorial Guinea,High
GNQ,2006,356.6865217,43.9301279685204,56.0698720314796,8.26155895519129,4.43647900593476,56.1005801258044,60.4443395996533,8.19,27.01,Equatorial Guinea,High
GNQ,2007,353.6481076,45.8574549546013,54.1425450453987,8.80499685576741,4.51135451899463,57.1185705825994,61.3207811186255,10.26,27.06,Equatorial Guinea,High
GNQ,2008,332.6261145,48.0444899085658,51.9555100914342,9.23278181264273,4.57370994415875,58.1837958068374,62.1777142751886,6.07,27.01,Equatorial Guinea,High
GNQ,2009,303.1568066,50.4722820636069,49.5277179363931,9.53752551945363,4.60787133294314,59.2917944417375,63.0143173257129,6.42,27.05,Equatorial Guinea,Medium
GNQ,2010,288.3687878,53.1218806529176,46.8781193470824,9.71229112496052,4.59586770504622,60.441364332898,63.831192420274,6.51,27.26,Equatorial Guinea,Medium
GNQ,2011,290.8268812,55.9743349096911,44.0256650903089,9.57110605962947,4.34060206449919,61.629611207728,64.6283695926991,7.36,26.96,Equatorial Guinea,Medium
GNQ,2012,312.7679297,59.0106940671203,40.9893059328797,9.35733002563124,4.07484554769573,62.8538908142975,65.4060732402599,7.83,26.92,Equatorial Guinea,High
GNQ,2013,333.656956,62.2120073583984,37.7879926416016,9.27900418539084,3.99605995538999,63.6715161073668,66.0469451872043,7.27,26.85,Equatorial Guinea,High
GNQ,2014,333.9969868,65.5593240167184,34.4406759832816,9.1458143975497,3.90501924555756,63.9264757487076,66.1151129596268,5.27,26.95,Equatorial Guinea,High
GNQ,2015,333.8154772,68.951270615355,31.048729384645,8.83600102806311,3.79160484192286,64.1785994681849,66.1825230692518,9.09,27.02,Equatorial Guinea,High
GNQ,2016,315.2137734,69.253269853051,30.746730146949,4.10127796927805,3.66421838047825,64.4255163889263,66.2485390317556,9.76,27.34,Equatorial Guinea,High
GNQ,2017,291.2323708,69.5516019132985,30.4483980867015,3.96112295557081,3.53129362583944,64.6658128879178,66.3127866671561,9.03,27.16,Equatorial Guinea,Medium
GNQ,2018,268.0760346,69.8396623666175,30.1603376333825,3.81283561186818,3.39945242088076,64.6658128879178,66.3127866671561,7.57,27.18,Equatorial Guinea,Medium
GNQ,2019,247.3995271,70.1175419547293,29.8824580452707,3.66851267784634,3.271454421427,64.6658128879178,66.3127866671561,6.41,27.46,Equatorial Guinea,Medium
GNQ,2020,244.2993403,70.3853314193247,29.6146685806753,3.11512649433144,2.73390823188935,64.6658128879178,66.3127866671561,9.74,27.41,Equatorial Guinea,Medium
GNQ,2021,239.5754799,70.6431215020592,29.3568784979408,2.80104478929665,2.43551071649529,64.6658128879178,66.3127866671561,7.56,27.38,Equatorial Guinea,Medium
GNQ,2022,237.5643524,70.8910029445467,29.1089970554533,2.86333152841324,2.5130374213272,64.6658128879178,66.3127866671561,10.98,27.17,Equatorial Guinea,Medium
GNQ,2023,229.8104137,71.1290664883517,28.8709335116483,2.74580976488991,2.41057232825781,64.6658128879178,66.3127866671561,6.28,27.57,Equatorial Guinea,Medium
GNQ,2024,227.7301751,71.3574028749806,28.6425971250194,2.72523671413841,2.40472649031131,64.6658128879178,66.3127866671561,5.89,27.86,Equatorial Guinea,Medium
ERI,2000,18.99884781,34.0983619689941,65.9016380310059,3.33008724100128,1.53601457156771,46.8142152971943,8.28530072689983,0.52,22.5,Eritrea,Low
ERI,2001,23.55500117,34.3253211975098,65.6746788024902,3.51715602337604,2.85373304958379,47.1204233529644,8.6404789305264,0.98,22.81,Eritrea,Low
ERI,2002,13.71638185,34.5420799255371,65.4579200744629,4.06854478488672,3.43914956264516,47.4409244567689,8.98629579771191,0.66,23.43,Eritrea,Low
ERI,2003,19.84439651,34.7451286315918,65.2548713684082,4.7172104279383,4.13103377544635,47.7752228126397,9.32208650503035,0.46,23.28,Eritrea,Low
ERI,2004,5.808836066,34.9324645996094,65.0675354003906,4.63796832199601,4.10022739741036,48.1234182056445,9.64744722939411,0.52,23.32,Eritrea,Low
ERI,2005,10.40126799,35.1022033691406,64.8977966308594,2.8778339442139,2.39315582930907,48.4844074537935,9.96153520031783,0.82,22.86,Eritrea,Low
ERI,2006,6.080261823,35.2525177001953,64.7474822998047,2.00388435267391,1.57651841967655,48.8594940483832,10.2644175982683,1.47,22.69,Eritrea,Low
ERI,2007,13.69484497,35.3820953369141,64.6179046630859,1.82531935841967,1.45851723438561,49.2469532106027,10.5550786241031,1.66,22.19,Eritrea,Low
ERI,2008,7.373788626,35.4897117614746,64.5102882385254,2.93374473809349,2.63004117479615,49.6487034568778,10.8337740406528,0.61,22.75,Eritrea,Low
ERI,2009,9.576558623,35.5742034912109,64.4257965087891,2.74690063328976,2.50908465799155,49.8103238748975,11.0220414202395,0.69,23.37,Eritrea,Low
ERI,2010,28.34150373,35.6346549987793,64.3653450012207,2.13456458243916,1.96475727107645,49.9773816653656,11.2019452505005,1.18,22.88,Eritrea,Low
ERI,2011,25.57224732,35.6706275939941,64.3293724060059,1.89436480581747,1.79351881087532,50.1505293513249,11.3735403344941,0.6,22.9,Eritrea,Low
ERI,2012,17.28126683,35.6824264526367,64.3175735473633,1.30901732580085,1.27590736754429,50.3291745608518,11.5365173088441,0.33,23.19,Eritrea,Low
ERI,2013,16.03878531,35.6713333129883,64.3286666870117,1.19194049359041,1.22305147270022,50.7051288039864,11.6362700094956,0.95,23.14,Eritrea,Low
ERI,2014,35.43874137,35.639720916748,64.360279083252,0.586061348968297,0.674705166672434,51.0835644393148,11.7366810070379,2.05,22.45,Eritrea,Low
ERI,2015,20.61473248,35.591007232666,64.408992767334,0.197789782494565,0.334574415524454,51.4650919722432,11.8379124928254,1.39,22.92,Eritrea,Low
ERI,2016,27.70219714,35.5254287719727,64.4745712280273,0.430360195441271,0.614809318134095,51.8497177620962,11.9399660140866,2.76,22.19,Eritrea,Low
ERI,2017,36.79848601,35.4427146911621,64.5572853088379,0.584382543587525,0.817496698225399,51.8497177620962,11.9399660140866,1.36,22.46,Eritrea,Low
ERI,2018,31.2319122,35.3451042175293,64.6548957824707,1.06154440063105,1.33731409848117,51.8497177620962,11.9399660140866,0.85,22.94,Eritrea,Low
ERI,2019,61.84259338,35.2352333068848,64.7647666931152,1.1634481731027,1.47474580694345,51.8497177620962,11.9399660140866,1.31,23.2,Eritrea,Low
ERI,2020,48.2758935,35.116138458252,64.883861541748,1.22545720479682,1.56406078076077,51.8497177620962,11.9399660140866,2.04,22.27,Eritrea,Low
ERI,2021,27.74117115,34.9871139526367,65.0128860473633,1.40601199577143,1.77411588481268,51.8497177620962,11.9399660140866,4.11,21.51,Eritrea,Low
ERI,2022,40.89284861,34.8469276428223,65.1530723571777,1.3520979472065,1.75351368458045,51.8497177620962,11.9399660140866,2.64,21.55,Eritrea,Low
ERI,2023,63.38799483,34.696403503418,65.303596496582,1.33879381403189,1.77168715176453,51.8497177620962,11.9399660140866,2.72,22.4,Eritrea,Low
ERI,2024,102.4243955,34.5365524291992,65.4634475708008,1.39983878920535,1.86168851424672,51.8497177620962,11.9399660140866,1.81,22.79,Eritrea,Low
SWZ,2000,2.702378299,22.8409330761997,77.1590669238003,0.543368484902739,1.02616676195214,52.3827344327009,50.2519164138463,2.73,18.53,Eswatini,Low
SWZ,2001,4.740093375,22.7095619136459,77.2904380863541,0.345391594430572,0.922357932930459,53.4258407035318,50.7480641733809,1.82,19.55,Eswatini,Low
SWZ,2002,2.258607147,22.5690884303038,77.4309115696962,0.173295034138915,0.793842610388924,54.4752825791537,51.2776269086054,1.6,19.56,Eswatini,Low
SWZ,2003,1.145053503,22.4312316968119,77.5687683031881,0.0702370529313686,0.682836011828583,55.5310495688809,51.8180236273176,1.08,20.25,Eswatini,Low
SWZ,2004,1.910251461,22.3077107838089,77.6922892161911,0.0513922935407365,0.603686468671865,56.5922875058508,52.3689358798259,2.3,19.47,Eswatini,Low
SWZ,2005,0.923455777,22.2102447619336,77.7897552380664,0.106878206604296,0.544843998142576,57.6602730930279,52.9308437622057,1.8,20.24,Eswatini,Low
SWZ,2006,0.510469566,22.1505527018245,77.8494472981755,0.231733393688877,0.500496085577333,58.7341694131305,53.5034552326693,2.64,18.85,Eswatini,Low
SWZ,2007,0.275051818,22.139989967508,77.860010032492,0.528555843336189,0.576423998080883,59.8325678287226,54.091290182986,1.82,19.74,Eswatini,Low
SWZ,2008,0.188639357,22.1692008829856,77.8307991170144,0.806735382490606,0.6748941459051,61.0508081483967,54.7111665894608,1.85,19.67,Eswatini,Low
SWZ,2009,0.342552078,22.2343865624794,77.7656134375206,0.934666487618942,0.6410569310186,62.2691676110764,55.3293473329565,2.02,19.43,Eswatini,Low
SWZ,2010,0.861010981,22.3330792067471,77.6669207932529,1.02917971520787,0.586161116007687,63.4875943995962,55.9457205621273,2.36,19.6,Eswatini,Low
SWZ,2011,1.2108897,22.4634753665393,77.5365246334607,1.13664439385607,0.554659161024556,64.7063885949655,56.5601896645653,1.97,18.98,Eswatini,Low
SWZ,2012,1.299728932,22.6237715926065,77.3762284073935,1.24901695769136,0.537986822820009,65.8999215766669,57.1723082291424,2.38,19.25,Eswatini,Low
SWZ,2013,2.300906772,22.8121644356992,77.1878355643008,1.37297458820309,0.54369252057836,67.0946646886489,57.7849166217817,2.7,18.91,Eswatini,Low
SWZ,2014,1.222643739,23.026850446568,76.973149553432,1.49359088952915,0.556770676458685,68.290236770265,58.3979502299524,2.02,19.3,Eswatini,Low
SWZ,2015,0.993790373,23.2660261759632,76.7339738240368,1.60483861941318,0.57162769864017,69.4869405286673,59.0113147479488,1.6,20.36,Eswatini,Low
SWZ,2016,0.7767304,23.5278881746356,76.4721118253644,1.70343193587855,0.584038792817515,70.6869219395068,59.6244143156364,2.09,19.92,Eswatini,Low
SWZ,2017,1.356793527,23.8052004963161,76.1947995036839,1.92474898219469,0.752960394981198,71.889631274468,60.236840423133,2.53,19.33,Eswatini,Low
SWZ,2018,2.09593645,24.0579295404227,75.9420704595773,1.97840654885066,0.922518621738631,73.0951527386502,60.8480464368627,1.96,19.5,Eswatini,Low
SWZ,2019,0.762794978,24.3459549517751,75.6540450482249,2.12225981181099,0.931970814127083,74.3032304184965,61.4575194811054,1.87,20.48,Eswatini,Low
SWZ,2020,0.697679989,24.6652798922192,75.3347201077808,2.38659378262032,1.0836305772053,75.5136191882992,62.0647533053702,1.84,19.62,Eswatini,Low
SWZ,2021,1.494763887,25.0156180525173,74.9843819474827,2.56613194591283,1.15567266949473,76.7260694607932,62.6692355268683,2.61,19.26,Eswatini,Low
SWZ,2022,0.627021705,25.396682918542,74.603317081458,2.52777193187584,1.01620740015869,77.9405822265556,63.2702587161203,2.76,19.3,Eswatini,Low
SWZ,2023,1.73274008,25.8081878500755,74.1918121499245,2.55365594954379,0.946270731993531,79.1563791861863,63.8676533294277,3.5,19.33,Eswatini,Low
SWZ,2024,0.554613638,26.2498461258639,73.7501538741361,2.69288262130869,0.995913343966098,80.3737107191052,64.4605026249554,2.12,20.22,Eswatini,Low
ETH,2000,189.1843586,14.9193096160889,85.0806903839111,4.45854279783597,3.06823302462214,18.7590608817132,2.9657663244498,2.1,16.04,Ethiopia,Medium
ETH,2001,210.895939,15.1177673339844,84.8822326660156,4.35494220213118,3.03351132311934,20.2861313623688,3.22631881592251,2.16,16.34,Ethiopia,Medium
ETH,2002,193.5459594,15.333233833313,84.666766166687,4.45922572494006,3.04403477269573,21.8105947283134,3.48709965924687,1.63,17.14,Ethiopia,Medium
ETH,2003,208.9400694,15.5438537597656,84.4561462402344,4.38529242436668,3.02102233073437,23.3303794917418,3.74769441878364,1.86,16.69,Ethiopia,Medium
ETH,2004,217.8836708,15.7585906982422,84.2414093017578,4.36678804226886,2.99474712931538,24.8460769905675,4.03281392420472,1.8,16.71,Ethiopia,Medium
ETH,2005,149.4778211,15.982967376709,84.017032623291,4.37981291296883,2.96602247201649,26.3576124690887,4.31725101635963,2.43,16.17,Ethiopia,Medium
ETH,2006,138.0126193,16.2148475646973,83.7851524353027,4.37766477704282,2.93729031507005,27.8655119170134,4.60119614731006,3.51,15.81,Ethiopia,Medium
ETH,2007,116.3670543,16.0948330261902,83.9051669738098,2.18725340604446,2.93015925736888,29.3784617293428,4.88681883136837,3.22,15.46,Ethiopia,Medium
ETH,2008,96.30427143,16.7936706542969,83.2063293457031,7.14473573638509,2.89435688963486,30.9869711535733,5.196915075959,2.94,15.71,Ethiopia,Low
ETH,2009,133.7945578,17.1511001586914,82.8488998413086,4.9456857455889,2.83966010377931,32.5882446657978,5.50779854946485,2.48,16.26,Ethiopia,Medium
ETH,2010,153.8421519,17.4937839508057,82.5062160491943,4.81350246767762,2.83517457968806,34.1836897406234,5.82002469888892,3.7,15.71,Ethiopia,Medium
ETH,2011,143.6950999,17.863790512085,82.136209487915,4.93656502383621,2.84354457485296,35.7718966203647,6.13343630352376,2.07,16.23,Ethiopia,Medium
ETH,2012,159.6738451,18.2061367034912,81.7938632965088,4.7021913043003,2.80390393439601,37.3536456061453,6.44846430368166,3.05,16.12,Ethiopia,Medium
ETH,2013,184.0959032,18.615514755249,81.384485244751,4.94213797545556,2.71847231803133,38.9189287309583,6.76236331987807,3.83,15.75,Ethiopia,Medium
ETH,2014,144.069847,19.0262870788574,80.9737129211426,4.86561713361329,2.68299781796922,40.4770660365689,7.07793835749952,3.14,15.79,Ethiopia,Medium
ETH,2015,130.0601358,19.451566696167,80.548433303833,4.89540924357463,2.68480186138776,42.0272706430081,7.39517563066231,2.7,16.51,Ethiopia,Medium
ETH,2016,92.88594821,19.8763618469238,80.1236381530762,4.86823874191839,2.70788250761242,43.569746379878,7.71437321783047,3.48,15.94,Ethiopia,Low
ETH,2017,70.71058376,20.3084850311279,79.6915149688721,4.87600186096141,2.72524097063889,45.1032760984933,8.0353579200927,3.7,15.64,Ethiopia,Low
ETH,2018,36.4607078,20.7838096618652,79.2161903381348,5.01030377934689,2.69675179524869,46.6289667749081,8.35875920842316,3.01,15.87,Ethiopia,Low
ETH,2019,33.61048632,21.2486705780029,78.7513294219971,4.9032414205172,2.69123978261516,48.1464763368745,8.68474048756754,3.75,16.13,Ethiopia,Low
ETH,2020,52.28211767,21.6260051727295,78.3739948272705,4.47099523245079,2.71077284780816,49.6550451612317,9.01330021395482,4.77,15.87,Ethiopia,Low
ETH,2021,45.55933568,22.1067085266113,77.8932914733887,4.87095365413555,2.67249538803955,51.1547750099921,9.3447728615381,3.45,15.76,Ethiopia,Low
ETH,2022,59.88726611,22.7367687225342,77.2632312774658,5.43291906726441,2.62269500936104,52.6449341831795,9.67915935964554,2.96,16.03,Ethiopia,Low
ETH,2023,109.2392957,23.0586471557617,76.9413528442383,4.00937135287998,2.6036241976442,54.125600929218,10.0168072289161,3.87,16.07,Ethiopia,Low
ETH,2024,138.4950248,23.6222839355469,76.3777160644531,4.99846973014755,2.58350411214521,55.5960696159493,10.3577188356734,4.5,16.44,Ethiopia,Medium
GAB,2000,364.659149,79.5660404650438,20.4339595349562,3.68672052311394,2.58540209287646,80.0652503338317,26.818195491378,5.56,25.86,Gabon,High
GAB,2001,353.687572,80.4090993437448,19.5909006562552,3.68590108832774,2.6318642070048,80.5692237305059,27.9500597734658,5.44,25.61,Gabon,High
GAB,2002,323.31253,81.2205241874174,18.7794758125826,3.68216731979442,2.67810322358967,81.0600023349324,29.1019683421917,5.75,26.11,Gabon,High
GAB,2003,259.0387811,81.9970830091574,18.0029169908426,3.68062756666185,2.72905696679518,81.5373154553374,30.2734572599332,5.42,26.28,Gabon,Medium
GAB,2004,196.6582912,82.7355438220611,17.2644561779389,3.69697761444143,2.80043793009716,82.0013798708484,31.4642634106599,5.69,26.06,Gabon,Medium
GAB,2005,158.0381211,83.4326746392243,16.5673253607757,3.74287236479107,2.90380819435636,82.4519182271315,32.6738741656831,4.83,26.08,Gabon,Medium
GAB,2006,131.7895139,84.0852434737431,15.9147565262569,3.79715262363783,3.01803087434569,82.8900757983957,33.9024749587278,5.81,26.02,Gabon,Medium
GAB,2007,121.2045466,84.6900183387136,15.3099816612864,3.84292372184483,3.12630083622847,83.3155701870669,35.1495484187274,7.43,26.2,Gabon,Medium
GAB,2008,124.4145784,85.2437672472316,14.7562327527684,3.8725163276972,3.22072516127824,83.7295160274396,36.4153101145998,6.4,26.05,Gabon,Medium
GAB,2009,147.0332628,85.7432582123932,14.2567417876068,3.91184632654159,3.32765333333101,84.1307212542328,37.6987238584805,6.99,26.1,Gabon,Medium
GAB,2010,177.8770483,86.1852592472945,13.8147407527055,3.96411803855293,3.44994267851283,84.5207296199844,39.0002582968992,8.17,26.12,Gabon,Medium
GAB,2011,195.4007443,86.5665383650315,13.4334616349685,3.98884571113285,3.54739719912158,84.899267815442,40.3193752929904,5.29,25.94,Gabon,Medium
GAB,2012,200.1538804,86.8838635787001,13.1161364212999,3.94337917922585,3.57746904510728,85.2673947991113,41.6563306484328,6.73,26.06,Gabon,Medium
GAB,2013,199.1852835,87.1482480671637,12.8517519328363,3.82387320744059,3.52009296367142,85.6239250935099,43.0100058976352,7.36,25.91,Gabon,Medium
GAB,2014,193.866859,87.6236017962969,12.3763982037031,3.90240948445026,3.35844001734251,85.9658863110068,44.3780097930999,8.02,25.93,Gabon,Medium
GAB,2015,185.3606266,88.085308383892,11.914691616108,3.64019457322204,3.11465625322556,86.2930339752905,45.7595556064781,7.69,25.98,Gabon,Medium
GAB,2016,182.548162,88.5445883406178,11.4554116593822,3.38491347068966,2.86485541015556,86.606465035897,47.1547496987424,7.3,26.55,Gabon,Medium
GAB,2017,184.6590013,89.0009733256896,10.9990266743104,3.17301804411434,2.65889572463952,86.9072462361888,48.5637395217699,8.38,26.22,Gabon,Medium
GAB,2018,186.7259529,89.4539949981866,10.5460050018134,3.04460748782722,2.53688289832205,87.1959828592503,49.9863984455825,7.72,26.25,Gabon,Medium
GAB,2019,190.7161646,89.9031850170394,10.0968149829606,2.97367662206361,2.47279132038176,87.472846570073,51.4223011158649,3.27,26.57,Gabon,Medium
GAB,2020,193.5747903,90.3480750410147,9.6519249589853,2.88284063261207,2.38922359813697,87.7393004139279,52.8720170958258,3.1,26.71,Gabon,Medium
GAB,2021,189.1920889,90.7881967286967,9.2118032713033,2.79209294085073,2.30612435799096,87.9954718713657,54.3351602742865,5.23,26.6,Gabon,Medium
GAB,2022,188.6839725,91.2243355459988,8.7756644540012,2.72689148305465,2.24763901253797,88.2419436860256,55.8117052668054,7.5,26.26,Gabon,Medium
GAB,2023,191.3028395,91.6375962797313,8.3624037202687,2.65090057159052,2.19891289669511,88.479261326667,57.3016336632799,4.91,26.59,Gabon,Medium
GAB,2024,187.0020335,91.8632094677575,8.1367905322425,2.40226904959266,2.15636509762581,88.5995009085574,57.4015026293834,5.05,26.92,Gabon,Medium
GMB,2000,309.7216381,46.9722332873784,53.0277667126216,5.93833206679698,2.73837212713207,71.751986616962,51.0627069646761,1.91,25.14,Gambia,Medium
GMB,2001,301.4593204,48.3491979765917,51.6508020234083,5.59638192378176,2.70699337593192,72.4709852394757,49.9139746844975,1.35,25.82,Gambia,Medium
GMB,2002,293.322029,49.5731153377033,50.4268846622967,5.18458335055058,2.68468779375919,73.1874046745589,48.7879556235198,1.11,25.52,Gambia,Medium
GMB,2003,285.2515607,50.6010077995371,49.3989922004629,4.74538191147206,2.69312348458537,73.894195620681,47.7243148779708,1.95,25.16,Gambia,Medium
GMB,2004,277.24724,51.5062022597801,48.4937977402199,4.50545567586714,2.73240205558954,74.5723410425054,46.6954252889106,1.83,25.43,Gambia,Medium
GMB,2005,269.356349,52.3582132660613,47.6417867339387,4.42192130885832,2.78121010687734,75.2482865822258,46.5783414763304,3.01,25.8,Gambia,Medium
GMB,2006,261.6460917,53.1603285370566,46.8396714629434,4.3729164405186,2.852561853424,75.9220098738399,46.4862604097152,2.25,25.0,Gambia,Medium
GMB,2007,254.1521475,53.9196109423854,46.0803890576146,4.31968545029437,2.90157035551494,76.5934928458813,46.4185276331036,1.92,25.16,Gambia,Medium
GMB,2008,246.85783,54.6431233516671,45.3568766483329,4.23959711655364,2.90664631280342,77.2629006181607,46.3744960730948,3.19,25.44,Gambia,Medium
GMB,2009,239.7396205,55.3379286345209,44.6620713654791,4.16780997680637,2.90429853945953,77.9295055109151,46.3534874804285,2.98,24.41,Gambia,Medium
GMB,2010,232.8107799,56.0110896605662,43.9889103394338,4.11646916286062,2.90737929979677,78.5938369652341,46.3547731022519,2.46,25.51,Gambia,Medium
GMB,2011,238.8739091,56.6696692994225,43.3303307005775,4.09237754154315,2.92337692748517,79.2555392487377,46.3775424677641,1.74,25.22,Gambia,Medium
GMB,2012,256.4693548,57.3207304207091,42.6792695792909,4.0881910676081,2.94591935774346,79.9149385065975,46.4212058311807,2.05,25.32,Gambia,Medium
GMB,2013,204.1187954,57.970305611505,42.029694388495,4.05584162947176,2.92894143394412,80.571196875671,46.4844347761008,2.15,25.44,Gambia,Medium
GMB,2014,140.3174272,58.6141799655551,41.3858200344449,3.94929615721524,2.84475839442236,81.2241792597438,46.5660263360159,1.97,25.1,Gambia,Medium
GMB,2015,202.5053393,59.2458499408388,40.7541500591612,3.80621520749896,2.73428839872651,81.8737511504613,46.6646737011035,2.68,25.09,Gambia,Medium
GMB,2016,130.0735757,59.8652472486563,40.1347527513437,3.66824797174221,2.62819405087404,82.5196405722502,46.7787647028692,1.96,25.35,Gambia,Medium
GMB,2017,63.21308827,60.471712657237,39.528287342763,3.53384623156014,2.52588138504562,83.1620559265773,46.9072182092037,2.52,25.51,Gambia,Low
GMB,2018,81.7458677,61.0645869348107,38.9354130651893,3.39854485527017,2.42294300881827,83.8008881364874,47.0485303132535,1.99,24.57,Gambia,Low
GMB,2019,44.76271184,61.643210849607,38.356789150393,3.29937642644388,2.35622071960344,84.4361946965619,47.2014093425827,2.29,25.01,Gambia,Low
GMB,2020,83.83123328,62.2069251698555,37.7930748301445,3.27894394266836,2.3686612920428,85.0680326919843,47.3645750957407,3.98,25.73,Gambia,Low
GMB,2021,62.48347735,62.7550706637859,37.2449293362141,3.24506862655307,2.36774778418782,85.696311673001,47.5364188505618,2.78,25.24,Gambia,Low
GMB,2022,95.51824978,63.2869880996278,36.7130119003722,3.16392403773565,2.31992109797091,86.3212416883552,47.7159912011406,2.97,25.34,Gambia,Low
GMB,2023,87.50650983,63.8020182456108,36.1979817543892,3.11180088998078,2.30124049704572,86.7155739795785,47.9457928819298,2.52,25.93,Gambia,Low
GMB,2024,75.44419593,64.2994103409645,35.7005896590355,3.05384012255444,2.27730257212036,87.1034800376148,48.1711442175538,2.78,25.94,Gambia,Low
GHA,2000,430.357415,43.9373786640616,56.0626213359384,4.16366738975373,2.51243583964957,65.517218378745,5.7234427408028,2.64,26.29,Ghana,High
GHA,2001,411.1750404,44.6410507317701,55.3589492682299,4.25195889895073,2.6631054412646,66.2724810777251,5.81107386081924,2.83,26.29,Ghana,High
GHA,2002,392.0963803,45.3484692124806,54.6515307875194,4.32238727993582,2.75013769977312,67.2870236576029,6.75045552246998,3.12,26.39,Ghana,High
GHA,2003,365.9793381,46.0547973581418,53.9452026418582,4.24554562899423,2.69999623325849,68.3036435747065,7.7086235468762,3.18,26.5,Ghana,High
GHA,2004,340.2108385,46.7572004525685,53.2427995474315,4.16220125880549,2.64856422445373,69.3225909029972,8.68540857696259,3.18,26.31,Ghana,High
GHA,2005,323.7259659,47.4528437795757,52.5471562204243,4.09957808175436,2.62275723095941,70.3428380680709,9.68014854216275,3.08,26.35,Ghana,High
GHA,2006,311.3405138,48.1388926229785,51.8611073770215,4.03506914596971,2.59967236461776,71.3651562013802,10.6928566524772,3.19,26.41,Ghana,Medium
GHA,2007,305.8306689,48.8125122665918,51.1874877334082,3.96704905987592,2.57742881770877,72.3892820833539,11.7231535267872,3.41,26.4,Ghana,Medium
GHA,2008,314.5808655,49.4708679942306,50.5291320057694,3.87751383533853,2.5377798286274,73.4152138090769,12.7707576406742,2.96,26.52,Ghana,High
GHA,2009,340.4182673,50.1111250897099,49.8888749102901,3.78119286883322,2.49528498609835,74.4422077321147,13.8350497335121,3.24,26.37,Ghana,High
GHA,2010,366.4042865,50.7296926788704,49.2703073211296,3.65984926569384,2.43301424000427,75.471267939183,14.9161840108112,3.57,26.89,Ghana,High
GHA,2011,375.1405245,51.3304086646488,48.6695913353512,3.58216104729888,2.40497145453178,76.5016404793149,16.0135300837222,3.34,26.42,Ghana,High
GHA,2012,367.317594,51.9197918381031,48.0802081618969,3.56158178744475,2.4199090803465,77.5330954898138,17.126673080362,3.24,26.3,Ghana,High
GHA,2013,344.3307489,52.4985794475913,47.5014205524087,3.5178842180058,2.40927930949909,78.565152693679,18.2550635017005,2.36,26.49,Ghana,High
GHA,2014,313.806791,53.0663398797148,46.9336601202852,3.44066234134795,2.36498553072391,79.5978353673804,19.3983890713711,2.78,26.57,Ghana,High
GHA,2015,275.9898421,53.6226415210752,46.3773584789248,3.34998307543356,2.30712733064921,80.631160872114,20.556338766229,2.84,26.53,Ghana,Medium
GHA,2016,244.9214645,54.167052758274,45.832947241726,3.28635493979485,2.27621203911157,81.6651456164371,21.7286047018582,3.26,26.76,Ghana,Medium
GHA,2017,226.1852816,54.6991419779128,45.3008580220872,3.17287473958836,2.19535792776401,82.6995725023601,22.9147548943672,3.34,26.54,Ghana,Medium
GHA,2018,212.7630234,55.218477566593,44.781522433407,3.0201335835211,2.07517136640112,83.7344677926836,24.1144852694417,3.33,26.6,Ghana,Medium
GHA,2019,215.2688454,55.7246279109161,44.2753720890839,2.92026302698363,2.00780519953703,84.7696150287459,25.327363008811,4.12,26.83,Ghana,Medium
GHA,2020,219.6265037,56.2171613974837,43.7828386025163,2.87180548038571,1.99181985149439,85.8052795210658,26.5532224510153,3.53,26.64,Ghana,Medium
GHA,2021,212.4652104,56.6952556826536,43.3047443173464,2.80589068483195,1.95904584379494,86.841252750433,27.7916388048117,4.1,26.7,Ghana,Medium
GHA,2022,210.786297,57.250609602871,42.749390397129,2.89506963103738,1.92029034344132,87.8775520835237,29.0423190138112,4.64,26.32,Ghana,Medium
GHA,2023,194.918396,57.8074737774654,42.1925262225346,2.87658130544284,1.90860289687983,88.8910495956232,30.3048454596217,4.62,26.86,Ghana,Medium
GHA,2024,195.7696618,58.3654868038581,41.6345131961419,2.83566522568304,1.87500010333119,89.9220116872755,31.5789404731982,3.94,27.06,Ghana,Medium
GIN,2000,415.7749752,30.9231105645224,69.0768894354776,2.91304388234434,1.96135964318577,49.7532822926472,9.16230658478803,6.15,26.78,Guinea,High
GIN,2001,414.386133,31.2176948406254,68.7823051593746,2.25795168848004,1.3098114321983,50.503637310744,9.88629196850462,4.19,26.76,Guinea,High
GIN,2002,418.9660788,31.5131362085814,68.4868637914186,2.50005195958883,1.55813303817429,51.2523026990112,10.6114415301292,3.11,26.85,Guinea,High
GIN,2003,425.1776704,31.8086015036327,68.1913984963673,3.17573982990512,2.24251877202579,51.9996253196521,11.3379449716538,3.77,26.87,Guinea,High
GIN,2004,425.3566118,32.1032575610216,67.8967424389784,3.0627923057285,2.14071157501219,52.7452281197482,12.2068746539465,4.48,26.98,Guinea,High
GIN,2005,420.2376765,32.3962712159907,67.6037287840093,2.90902124903325,2.00041954618802,53.4890999882019,13.0950354311112,7.4,27.21,Guinea,High
GIN,2006,404.9935548,32.6868093037822,67.3131906962178,2.98341885184102,2.09058658116716,54.2315783654935,14.0026334670864,4.6,27.02,Guinea,High
GIN,2007,384.4904101,32.9740386596386,67.0259613403614,3.18984350958655,2.31497296404672,54.972295205421,14.9294878110963,4.09,27.09,Guinea,High
GIN,2008,378.7805455,33.2571261188022,66.7428738811978,3.27395620430403,2.41908604968745,55.7112370863101,15.8756067639013,5.41,27.27,Guinea,High
GIN,2009,393.802791,33.5352385165154,66.4647614834846,3.27433759636281,2.44158489420853,56.4483990709895,16.8410008400224,9.72,26.9,Guinea,High
GIN,2010,415.7379999,33.8075426880206,66.1924573119794,3.26801169796393,2.45929310036327,57.184097462228,17.8258882415396,5.97,27.46,Guinea,High
GIN,2011,428.7812206,34.0732054685603,65.9267945314397,3.2597237641902,2.47697352651722,58.360314361898,18.8300745161128,2.34,27.41,Guinea,High
GIN,2012,431.7485199,34.3313936933767,65.6686063066233,3.20904510528716,2.45416156342286,59.5458989237514,19.8535699723585,10.41,26.73,Guinea,High
GIN,2013,413.7324467,34.5812741977122,65.4187258022878,3.16991908975339,2.44471498509098,60.7407932771769,20.8963805102335,12.75,26.87,Guinea,High
GIN,2014,396.6860584,34.8177920826682,65.1822079173318,3.1618249067092,2.48019346390261,61.9449533966477,21.958517184142,7.85,26.75,Guinea,High
GIN,2015,384.3909316,35.0373191833496,64.9626808166504,3.16003471314611,2.53151277572433,63.1625705426145,23.0429534538905,12.17,26.9,Guinea,High
GIN,2016,366.519838,35.3100280761719,64.6899719238281,3.34222394241771,2.56690869267138,64.3935453016882,24.1498387012441,17.85,27.11,Guinea,High
GIN,2017,358.4773325,35.5827331542969,64.4172668457031,3.32587914490066,2.55652318226129,65.6377593870016,25.2793165342665,11.97,27.19,Guinea,High
GIN,2018,350.284153,35.8554382324219,64.1445617675781,3.30732219795115,2.54385572881799,66.8950995450723,26.4315341873572,10.54,26.7,Guinea,High
GIN,2019,321.2020764,36.1281547546387,63.8718452453613,3.3187418503644,2.56100451729991,68.1651301407792,27.6063983510435,12.77,27.25,Guinea,High
GIN,2020,304.9429508,36.4802208060551,63.5197791939449,3.52116599546792,2.55139953603925,69.4483664321703,28.8045342946628,7.18,27.58,Guinea,Medium
GIN,2021,294.4452917,36.8502178436256,63.1497821563744,3.51523893910055,2.50610419423246,70.7443560609114,30.0258495167405,15.81,27.45,Guinea,Medium
GIN,2022,285.6958989,37.2384967469106,62.7615032530894,3.53066281444504,2.48250409145397,72.0532813701912,31.2707423118105,8.81,27.27,Guinea,Medium
GIN,2023,285.502144,37.6454083954705,62.3545916045295,3.54877132227081,2.46199049961035,73.3743676551949,32.538855541003,9.59,27.49,Guinea,Medium
GIN,2024,286.0836671,38.0713036688655,61.9286963311345,3.52094495710575,2.39595802290484,74.1924841600776,32.6496371481415,8.98,27.89,Guinea,Medium
GNB,2000,396.463223,36.8412054388232,63.1587945611768,2.92434151642679,2.00706384351502,55.1797262603998,4.53445720097512,2.95,25.96,Guinea-Bissau,High
GNB,2001,320.1741415,37.1627839410066,62.8372160589934,2.99518826194216,2.12602969093669,55.6355112802185,5.01574870772438,1.74,27.05,Guinea-Bissau,High
GNB,2002,251.2179023,37.4734924367695,62.5265075632305,3.03089158559382,2.19833363261225,56.0766781223188,5.72910394514667,1.63,27.92,Guinea-Bissau,Medium
GNB,2003,182.2876147,37.7773055741583,62.2226944258417,3.06966427634725,2.26219170729877,56.5025111199122,6.75416506576179,3.18,27.32,Guinea-Bissau,Medium
GNB,2004,121.2304437,38.0781980012196,61.9218019987804,3.09876211274669,2.30540545476551,56.9133054099117,7.78216486739306,3.25,26.8,Guinea-Bissau,Medium
GNB,2005,93.26389618,38.3801443659997,61.6198556340003,3.13488482013439,2.34505544706955,57.3083913147458,8.8783527585904,4.77,26.77,Guinea-Bissau,Low
GNB,2006,78.21228261,38.6871193165452,61.3128806834548,3.20793813548385,2.41122516333709,57.6886837795946,9.9897316228944,4.01,25.96,Guinea-Bissau,Low
GNB,2007,76.50389218,39.0030975009025,60.9969024990975,3.30331102559209,2.48996828898925,58.0535126816811,11.1161885061566,3.26,26.18,Guinea-Bissau,Low
GNB,2008,87.50085682,39.3320535671181,60.6679464328819,3.36251537259113,2.52259007377628,58.4031554952598,12.2580921089513,5.41,26.57,Guinea-Bissau,Low
GNB,2009,106.3426663,39.6716434222135,60.3283565777865,3.40251881332859,2.54277273891846,58.7369930495235,13.4152955008386,5.27,25.78,Guinea-Bissau,Low
GNB,2010,124.5395334,40.0095596313477,59.9904403686523,3.4331434320929,2.58492032110101,59.0561288356576,14.5887141664203,5.09,26.54,Guinea-Bissau,Medium
GNB,2011,129.3060776,40.4391136169434,59.5608863830566,3.69710879662524,2.62922766462762,59.3599409743787,15.7782187068147,3.93,26.07,Guinea-Bissau,Medium
GNB,2012,126.5544236,40.8686027526855,59.1313972473145,3.71593375424775,2.65952739224803,59.6486446194462,16.9842205721111,5.24,26.13,Guinea-Bissau,Medium
GNB,2013,120.8845896,41.2976379394531,58.7023620605469,3.70664868083605,2.66229101877146,59.9219185208316,18.2067554736928,4.28,26.18,Guinea-Bissau,Medium
GNB,2014,105.7272265,41.7271995544434,58.2728004455566,3.6620071169076,2.62731155689981,60.179969051587,19.4462525723006,5.14,26.01,Guinea-Bissau,Low
GNB,2015,89.59470594,42.1568145751953,57.8431854248047,3.5947894637225,2.57045957815277,60.4227287706109,20.7029543822311,4.76,26.02,Guinea-Bissau,Low
GNB,2016,74.16426614,42.586109161377,57.413890838623,3.52478531928369,2.51155296505032,60.6498938301808,21.9768833616634,4.13,26.41,Guinea-Bissau,Low
GNB,2017,70.21417943,43.0155792236328,56.9844207763672,3.43969433832537,2.4363257519627,60.8614249962045,23.2682682564985,4.2,26.73,Guinea-Bissau,Low
GNB,2018,71.68055637,43.4449081420898,56.5550918579102,3.36722390753198,2.37405997248475,61.0574978262041,24.5775735612132,4.31,26.18,Guinea-Bissau,Low
GNB,2019,87.10491865,43.8745574951172,56.1254425048828,3.32507866564611,2.34095994762157,61.2378280860905,25.9048078160921,3.46,26.49,Guinea-Bissau,Low
GNB,2020,95.17125252,44.3038330078125,55.6961669921875,3.26258508075794,2.28895000835492,61.4023709076856,27.2502045881432,8.14,26.99,Guinea-Bissau,Low
GNB,2021,98.71184807,44.7334136962891,55.2665863037109,3.20402223754893,2.23903878745423,61.5510835646003,28.6139998460415,2.96,26.69,Guinea-Bissau,Low
GNB,2022,97.6115741,45.1627159118652,54.8372840881348,3.19744488980579,2.24235388639993,61.6363537721631,28.7228575496477,6.73,26.66,Guinea-Bissau,Low
GNB,2023,97.81367448,45.5923843383789,54.4076156616211,3.19222333882663,2.24529187264064,61.7218282479049,28.8319728978299,5.08,26.83,Guinea-Bissau,Low
GNB,2024,110.127776,46.113204421822,53.886795578178,3.34103397205513,2.20520563612008,61.8077030171668,28.9416006403664,7.28,27.01,Guinea-Bissau,Low
KEN,2000,220.2574561,19.4553832211834,80.5446167788166,5.22969394374177,3.01293994477925,45.3600224507061,23.6473801064419,0.95,20.07,Kenya,Medium
KEN,2001,243.2262453,20.4416297068833,79.5583702931167,8.08126107405697,3.13629206541925,46.2300505152725,24.3164597238105,2.05,19.64,Kenya,Medium
KEN,2002,227.5544802,21.8586568137501,78.1413431862499,9.84861673180671,3.14626442047843,47.0979850578154,25.0346081207823,1.91,19.83,Kenya,Medium
KEN,2003,220.1384438,23.563889811899,76.436110188101,10.5971298300691,3.08528898836117,47.96372108533,25.7535178867465,1.91,19.77,Kenya,Medium
KEN,2004,184.4205943,25.4147539714454,74.5852460285546,10.6662617840932,3.10482476419105,48.8271492189302,26.4731149422539,1.44,20.21,Kenya,Medium
KEN,2005,138.9185038,27.2686745625048,72.7313254374952,10.1131082131285,3.07223123352542,49.6872335728162,27.1932269454509,1.18,20.41,Kenya,Medium
KEN,2006,125.5252817,28.9830768551925,71.0169231448075,9.14439701229176,3.04704867411558,50.5448296064454,27.9138955031129,2.42,19.81,Kenya,Medium
KEN,2007,94.83510102,30.4153861196239,69.5846138803761,7.8458556237938,3.02220921188685,51.3998249048434,28.6350439627237,1.73,19.7,Kenya,Low
KEN,2008,79.77661578,31.4230276259143,68.5769723740857,6.28889550218273,3.02964938264436,52.2521176288935,29.3565994040011,1.39,19.98,Kenya,Low
KEN,2009,77.59614091,31.8603086707305,68.1396913292695,4.40310193825008,3.0211086032266,53.100725539255,30.0784132028819,1.39,20.33,Kenya,Low
KEN,2010,80.27255074,31.8713287706458,68.1286712293542,2.93617401354433,2.90158845467743,53.9464421270489,30.8004947681643,1.6,20.01,Kenya,Low
KEN,2011,82.58194793,31.8673949025409,68.1326050974591,2.73779688271802,2.75013743696978,54.7912792060119,31.5229174481557,1.74,20.15,Kenya,Low
KEN,2012,84.2251522,31.8558130142761,68.1441869857239,2.5717228924631,2.6080744180495,55.6346101711392,32.2455260120869,1.91,19.94,Kenya,Low
KEN,2013,85.4403037,31.8324454433988,68.1675545566012,2.39872663926224,2.47210752389349,56.4770636530803,32.9682462912978,1.84,19.89,Kenya,Low
KEN,2014,84.43082344,31.7931545274563,68.2068454725437,2.21549991077264,2.33901192230694,57.3176013376785,33.6908976254492,1.48,20.12,Kenya,Low
KEN,2015,81.79663555,31.7338026039958,68.2661973960042,2.04018104498774,2.2270329432256,58.1564256572864,34.4133695043635,1.26,20.66,Kenya,Low
KEN,2016,77.26122108,31.6502520105647,68.3497479894353,1.94412145361079,2.20775684612709,58.9933330324144,35.1355349703251,1.16,20.45,Kenya,Low
KEN,2017,76.8492024,31.5383650847102,68.4616349152898,1.81999315235204,2.17412854990493,59.82810250315,35.857250498731,0.9,20.75,Kenya,Low
KEN,2018,74.1496418,31.3940041639796,68.6059958360204,1.57205418501422,2.03083744189606,60.6609028100369,36.5783889502292,2.03,19.71,Kenya,Low
KEN,2019,71.67133565,31.1895566421135,68.8104433578865,1.31045798383375,1.96381549826771,61.4907638599362,37.298797647533,1.46,20.77,Kenya,Low
KEN,2020,84.99876851,31.2063494632616,68.7936505367384,2.01580298696557,1.96197633664853,62.318211896262,38.018340896347,2.15,19.91,Kenya,Low
KEN,2021,88.68703596,31.2879334021971,68.7120665978029,2.16149826618772,1.90040858948898,63.1426684243247,38.7368777065186,1.18,20.28,Kenya,Low
KEN,2022,82.09391795,31.4307820066946,68.5692179933054,2.37850108910584,1.92297608206469,63.96426197234,39.454252565811,0.91,20.34,Kenya,Low
KEN,2023,73.77391808,31.6330340816429,68.3669659183571,2.62438320012559,1.98296028478422,64.7820788557808,40.1703366344741,1.32,20.58,Kenya,Low
KEN,2024,74.1683085,31.8937831721599,68.1062168278401,2.77842851424254,1.95751431565234,65.5965968528709,40.8849654611543,1.85,20.63,Kenya,Low
LBR,2000,397.0757989,43.7710042955819,56.2289957044181,4.45108138780847,3.70256844774732,61.0278430215118,12.1734894943623,4.91,25.47,Liberia,High
LBR,2001,406.0517945,44.1509656015089,55.8490343984911,3.79958654676337,2.9352375714594,61.9197046364816,12.4677838881013,2.2,26.15,Liberia,High
LBR,2002,415.531826,44.566701526991,55.433298473009,3.53774132988713,2.60055374367034,62.8078227070838,12.7650839146354,1.37,27.08,Liberia,High
LBR,2003,423.2144437,45.0004573003041,54.9995426996959,1.76516218190518,0.79655231018503,63.6915834211062,13.0649848713731,1.25,27.19,Liberia,High
LBR,2004,406.1267874,45.4344781497244,54.5655218502756,2.15030830005071,1.19050087276777,64.5712728784184,13.3677053295354,2.15,27.01,Liberia,High
LBR,2005,403.1845972,45.8510093035277,54.1489906964723,5.37684465252538,4.46419976403406,65.4465992759902,13.6730363587121,0.97,27.35,Liberia,High
LBR,2006,390.7942223,46.2322959899902,53.7677040100098,6.41784167583413,5.58972152870902,66.2032069100531,14.1158011729766,1.47,27.2,Liberia,High
LBR,2007,372.6780427,46.6104850769043,53.3895149230957,5.79524618664482,4.98055607463838,66.9527157246347,14.564331528772,1.88,26.93,Liberia,High
LBR,2008,357.0604367,47.1080497871025,52.8919502128975,5.11985620326965,4.05801806274783,67.6948813001936,15.018343502263,6.96,26.26,Liberia,High
LBR,2009,342.4176401,47.6245255922562,52.3754744077438,4.23397754411637,3.14360024630264,68.4324549886399,15.4802745365152,7.52,25.79,Liberia,High
LBR,2010,322.1434924,48.1407517057907,51.8592482942093,3.97418778103918,2.89605811562763,69.1652648922475,15.9501173630923,6.62,26.26,Liberia,High
LBR,2011,299.3768564,48.6583302770849,51.3416697229151,4.98988846414223,3.92046987945605,69.8933749749855,16.4280907750626,2.98,26.1,Liberia,Medium
LBR,2012,266.1217829,49.1773247639526,50.8226752360474,4.59545605921178,3.53448694358844,70.6161490742492,16.9137232016405,5.78,26.02,Liberia,Medium
LBR,2013,260.7460721,49.6977986242077,50.3022013757923,3.25103948734604,2.19827693086756,71.3338862504404,17.4074580077978,5.47,25.77,Liberia,Medium
LBR,2014,287.6955971,50.2198153156642,49.7801846843358,3.12711715395962,2.08217532534285,72.0459731773456,17.9088071106971,7.8,25.64,Liberia,Medium
LBR,2015,318.1345533,50.7434382961363,49.2565617038637,3.1001927674052,2.06297096669961,72.7524847164664,18.4179781203981,8.49,25.65,Liberia,High
LBR,2016,348.7015751,51.2687310234384,48.7312689765616,3.07301960541848,2.04312155500225,73.4532574499597,18.9349390175014,3.42,26.53,Liberia,High
LBR,2017,356.0853913,51.7957569553849,48.2042430446151,2.96594628026702,1.94324776688719,74.1477432355412,19.4591800299081,3.44,26.82,Liberia,High
LBR,2018,331.5848037,52.3245795497906,47.6754204502094,2.97226501064032,1.95645231379837,74.8362128370245,19.9911366216728,10.61,26.45,Liberia,High
LBR,2019,300.7992117,52.85526226447,47.14473773553,2.99136421633218,1.98225492944197,75.5183258975949,20.5305258325317,8.59,26.42,Liberia,Medium
LBR,2020,276.9257688,53.3878685572381,46.6121314427619,3.07747504924304,2.07483340649162,76.193954779971,21.0772995001903,5.09,26.32,Liberia,Medium
LBR,2021,216.0652616,53.9224618859098,46.0775381140902,3.10731346466007,2.11098738475006,76.8629734925215,21.631407651363,7.28,26.38,Liberia,Medium
LBR,2022,181.7909089,54.4591057083,45.5408942917,3.13419626142124,2.14388170425267,77.5249138658914,22.1923063601074,6.21,26.07,Liberia,Medium
LBR,2023,179.3212163,54.997863482224,45.002136517776,3.18833967244147,2.20390696065654,78.180013925929,22.7604195167576,2.33,27.07,Liberia,Medium
LBR,2024,172.34109,55.5387986654968,44.4612013345032,3.1359902347996,2.15725346515291,78.8278345445612,23.3351954904068,2.94,27.57,Liberia,Medium
MDG,2000,54.85398761,25.0095755608264,74.9904244391736,4.38386552261145,3.17297260783499,36.4427561061797,3.82452281975997,5.28,15.98,Madagascar,Low
MDG,2001,65.25567901,25.3079943968146,74.6920056031854,4.26604909640402,3.0798984770565,37.1365510037545,4.27623527366861,5.85,16.28,Madagascar,Low
MDG,2002,51.1976897,25.6037489918904,74.3962510081096,4.15185212036759,2.9899935045994,37.8285452576804,4.72902485932566,7.23,16.32,Madagascar,Low
MDG,2003,65.29889326,25.8967668078478,74.1032331921522,4.0686000249966,2.93067077025108,38.518227444298,5.18344484506749,6.77,16.47,Madagascar,Low
MDG,2004,44.82998728,26.1869753064804,73.8130246935196,4.03051287961766,2.91610861061954,39.2060328929428,5.63879503752012,6.04,16.37,Madagascar,Low
MDG,2005,34.59614673,26.4743019495822,73.5256980504178,4.02050869673971,2.92926937068758,40.0429127960642,6.12117413127887,7.35,16.34,Madagascar,Low
MDG,2006,33.78065349,26.7586741989468,73.2413258010532,4.00610788137728,2.93769107946479,40.878116387823,6.60626042533301,5.08,16.38,Madagascar,Low
MDG,2007,30.67507217,27.0400195163682,72.9599804836318,3.98087477533884,2.93494950819065,41.7110487315334,7.09404608313975,6.98,16.4,Madagascar,Low
MDG,2008,29.89838385,27.31826536364,72.68173463636,3.95908006789066,2.93532927308935,42.5424880385146,7.58477414006482,4.95,16.42,Madagascar,Low
MDG,2009,44.56571988,27.5933392025561,72.4066607974439,3.93792963976893,2.93604117284744,43.3700536128356,8.07809172690129,6.35,16.72,Madagascar,Low
MDG,2010,44.52075296,27.8651684949103,72.1348315050897,3.88950225367973,2.90919662127516,44.1945358943364,8.57423264106828,4.94,16.67,Madagascar,Low
MDG,2011,37.07720243,28.1336807024963,71.8663192975037,3.79865731297877,2.83965714379658,45.0153822584225,9.07317377918647,5.39,16.92,Madagascar,Low
MDG,2012,70.78624992,28.3988032871081,71.6011967128919,3.70422372987129,2.76626312576328,45.8324865165496,9.57497737668474,6.95,16.43,Madagascar,Low
MDG,2013,63.67437614,28.6604637105393,71.3395362894607,3.63679764938622,2.71964840033078,46.645311071975,10.0796108433394,6.91,16.31,Madagascar,Low
MDG,2014,49.79904983,28.9185894345838,71.0814105654162,3.57738419016128,2.68077948175383,47.4541920353579,10.5872297277492,5.73,16.51,Madagascar,Low
MDG,2015,106.9755724,29.1731079210354,70.8268920789646,3.51575337604664,2.63948434650119,48.258173464398,11.0976984755033,7.63,16.63,Madagascar,Low
MDG,2016,63.37210888,29.4239466316878,70.5760533683122,3.46951602047804,2.61335935661539,49.0575914521926,11.6111708038341,6.17,16.37,Madagascar,Low
MDG,2017,77.22226814,29.671033028335,70.328966971665,3.43969906075462,2.60345495087599,49.8519386234101,12.1276026442495,8.03,16.81,Madagascar,Low
MDG,2018,71.86049528,29.9181125346909,70.0818874653091,3.43262310541589,2.60334538024635,50.6411241447461,12.647045200372,6.48,16.55,Madagascar,Low
MDG,2019,71.72675373,30.3046972370204,69.6953027629796,3.88522619474041,2.60136633480103,51.4242559942128,13.1693375483997,6.64,17.24,Madagascar,Low
MDG,2020,138.7306278,30.7019474167548,69.2980525832452,3.87013474245801,2.56778870397591,52.2020747813196,13.6947390405503,9.02,16.63,Madagascar,Medium
MDG,2021,166.3284226,31.1137123216036,68.8862876783964,3.84762142745941,2.51537360931706,52.9732968597974,14.2229663442332,6.04,16.77,Madagascar,Medium
MDG,2022,117.0771285,31.5397813465886,68.4602186534114,3.8421861167142,2.48207836172625,53.7386722482621,14.7542849047499,6.26,16.27,Madagascar,Medium
MDG,2023,200.0243173,31.9799438860946,68.0200561139054,3.84794570529882,2.46201530433165,54.4969430342798,15.2883891812498,7.17,17.09,Madagascar,Medium
MDG,2024,255.4457137,32.4339893339844,67.5660106660156,3.84503639591798,2.43524760129506,55.3389608321256,15.3671469967754,6.66,17.23,Madagascar,Medium
MWI,2000,452.5497745,14.6770603287659,85.3229396712341,3.20100836115139,2.39808527580859,54.1308258661442,9.3511917456521,2.76,20.01,Malawi,High
MWI,2001,464.4756371,14.780400724713,85.219599275287,3.12097470266371,2.41939427546647,54.9347725459043,9.35302758911489,2.81,20.05,Malawi,High
MWI,2002,439.5542589,14.8722487440558,85.1277512559442,3.06823106957157,2.44868795908692,55.7358012245672,9.35480608724583,2.31,20.35,Malawi,High
MWI,2003,404.3123655,14.9551384691108,85.0448615308892,3.05887318510944,2.50311318898405,56.5342633361224,9.35670106577719,2.93,20.11,Malawi,High
MWI,2004,376.5224402,15.0316039821946,84.9683960178054,3.09630791016817,2.58631203946607,57.3298008251815,9.35853844568126,3.63,19.9,Malawi,High
MWI,2005,373.6485527,15.1041793656241,84.8958206343759,3.15966660149165,2.67801100189358,58.1227398593288,11.6430173155279,1.87,20.63,Malawi,High
MWI,2006,359.1515831,15.1753987017157,84.8246012982843,3.22552393970417,2.75507030698051,58.9127413872202,13.9195182666637,2.98,19.96,Malawi,High
MWI,2007,348.7644648,15.2477960727861,84.7522039272139,3.29694444113219,2.82103771276785,59.7001195551836,16.1881872542677,2.86,20.34,Malawi,High
MWI,2008,359.3578383,15.3238029928378,84.6761970071622,3.40152438079919,2.90426164632368,60.4845500797973,18.4488656297589,2.52,20.02,Malawi,High
MWI,2009,377.5624509,15.4015312766848,84.5984687233152,3.46237323309805,2.95642545456471,61.2695217967754,20.7030011916433,2.65,19.94,Malawi,High
MWI,2010,389.8138079,15.4776969380518,84.5223030619482,3.44110049608203,2.94779608735928,62.054717323412,22.950220782325,3.28,20.52,Malawi,High
MWI,2011,395.2465971,15.5523153908723,84.4476846091277,3.39597396394666,2.91504427220952,62.8400904977238,25.1902507973083,2.31,19.98,Malawi,High
MWI,2012,354.9587618,15.6253133040464,84.3746866959536,3.33894855025274,2.87064589887138,63.6250410332197,27.4226021008412,2.74,20.31,Malawi,High
MWI,2013,306.1345523,15.6966173464742,84.3033826535258,3.29335673845668,2.83808966369485,64.4097635787401,29.6470619671529,2.94,20.29,Malawi,Medium
MWI,2014,275.0492764,15.766154187056,84.233845812944,3.24682151031395,2.80479012384928,65.1933925643295,31.8630595478382,3.51,20.23,Malawi,Medium
MWI,2015,260.8760238,15.8338504946918,84.1661495053082,3.18205072113662,2.75359183453625,65.9763340121013,34.0704035850355,2.33,20.68,Malawi,Medium
MWI,2016,260.9226051,15.899632938282,84.100367061718,3.14056098794322,2.72595787740448,66.7575071708792,36.2684898070789,2.07,20.93,Malawi,Medium
MWI,2017,264.4414837,15.9634281867266,84.0365718132734,3.10852759634947,2.70808949087835,67.5372652238348,38.4570661478088,3.29,20.28,Malawi,Medium
MWI,2018,270.9531009,16.0221486554255,83.9778513445745,3.03835350425563,2.67117568591664,68.3152167592517,40.6356741988533,3.2,20.29,Malawi,Medium
MWI,2019,280.2880012,16.1383746619001,83.8616253380999,3.37337029752981,2.65059567621331,69.0907681697374,42.8038384563156,3.41,20.19,Malawi,Medium
MWI,2020,283.0146401,16.2961471756409,83.7038528243591,3.60861308750451,2.63573735113183,69.8639475231257,44.9611479828173,3.69,20.32,Malawi,Medium
MWI,2021,280.4884339,16.4881925800694,83.5118074199306,3.76575887922325,2.59415828794597,70.6341661895421,47.1071277327455,3.25,20.03,Malawi,Medium
MWI,2022,285.5038484,16.7146031979436,83.2853968020564,3.93175072032932,2.567947782963,71.4013801873198,49.2412879464451,5.37,19.66,Malawi,Medium
MWI,2023,291.0135392,16.9748746665356,83.0251253334644,4.11650556562097,2.57135708610945,72.2285522528925,49.23687867184,4.0,20.36,Malawi,Medium
MWI,2024,294.5279965,17.268503531213,82.731496468787,4.29142427265585,2.57641467045761,73.0535741738591,49.2322090448262,3.64,20.6,Malawi,Medium
MLI,2000,394.9769625,18.977631037325,81.022368962675,4.60565617130307,2.91308874187569,49.4074258741145,17.3336177697569,2.55,27.14,Mali,High
MLI,2001,396.2160633,19.3181950112665,80.6818049887335,4.78567667349428,3.00701165563643,51.0043528727808,18.5366288294077,1.89,28.14,Mali,High
MLI,2002,405.0914666,19.6792980362731,80.3207019637269,4.95874790482483,3.10676861781848,52.6652852945174,19.7478525761063,1.99,28.52,Mali,High
MLI,2003,412.3561212,20.0594231247985,79.9405768752015,5.09212752937525,3.17894001404545,54.3201164982467,20.9666083854735,1.92,28.38,Mali,High
MLI,2004,417.889341,20.4570532892964,79.5429467107036,5.20081613329354,3.23794608826987,55.9690552417302,22.193273656424,2.1,28.51,Mali,High
MLI,2005,419.8340073,20.8706715422205,79.1293284577795,5.27694833285725,3.27522299158149,57.6096707559848,23.4264099806876,1.66,28.78,Mali,High
MLI,2006,395.0790964,21.2987608960246,78.7012391039754,5.31081412068887,3.2804387949943,59.2432791544715,24.6671660825145,1.48,28.57,Mali,High
MLI,2007,378.6707326,21.7398043631622,78.2601956368378,5.33756788025191,3.28796078422057,60.8678932754337,25.9143828499992,1.82,28.06,Mali,High
MLI,2008,369.172643,22.1922849560871,77.8077150439129,5.3462035545638,3.2862188900418,62.4840069987377,27.1686715784898,3.38,27.17,Mali,High
MLI,2009,364.7853746,22.6557955217884,77.3442044782116,5.32489758859847,3.25780569403424,64.0894295059223,28.4286615146563,3.32,27.43,Mali,High
MLI,2010,373.5950503,23.1359461824894,76.8640538175106,5.34568956930789,3.2485140091385,65.6825064344256,29.6932856424804,3.55,27.32,Mali,High
MLI,2011,394.1824,23.6379674039304,76.3620325960696,5.37917753226324,3.23250831038309,67.2626511406481,30.9622372812507,2.63,27.27,Mali,High
MLI,2012,424.2861023,24.1606168848588,75.8393831151412,5.10697370029046,2.91998728475051,68.8293224749943,32.2352227048023,3.35,27.05,Mali,High
MLI,2013,441.0003673,24.7033626854883,75.2966373145117,5.14232370982279,2.92078257453733,70.3820228884165,33.5119596461235,2.7,27.55,Mali,High
MLI,2014,429.5430268,25.2656728660325,74.7343271339675,5.4113932085749,3.16065691731413,71.9205681917845,34.7924079704944,3.35,27.14,Mali,High
MLI,2015,381.7113885,25.847015486705,74.152984513295,5.40376274744833,3.1289280097663,73.4442818917146,36.0760821566718,3.39,26.98,Mali,High
MLI,2016,374.3880168,26.4468586077195,73.5531413922805,5.46124181744466,3.16701291267986,74.9530465324724,37.3629585814102,3.67,27.33,Mali,High
MLI,2017,376.9845688,27.0646702892896,72.9353297107104,5.49741731083225,3.18823649379751,76.4467561333581,38.6530201870083,2.89,27.66,Mali,High
MLI,2018,377.1709055,27.6999185916288,72.3000814083712,5.44545861158341,3.1254232369578,77.9248726503067,39.9458152875809,3.48,27.4,Mali,High
MLI,2019,325.7605808,28.3520715749509,71.6479284250491,5.34519711408943,3.01814494306617,79.3875776496975,41.2415636688459,3.34,27.43,Mali,High
MLI,2020,349.3872937,29.0205972994693,70.9794027005307,5.34809264749708,3.01751361469378,80.8342374526546,42.5396302417606,3.67,26.87,Mali,High
MLI,2021,345.9227287,29.7049638253978,70.2950361746022,5.3911832288756,3.06035796580474,82.2652506105548,43.8404477380485,3.01,27.85,Mali,High
MLI,2022,346.2195843,30.4015705681899,69.5984294318101,5.32744420492495,3.00942592606239,83.6801195841677,45.1434215383033,2.46,27.71,Mali,High
MLI,2023,346.2195915,31.0031889023235,68.9968110976765,4.93357937954777,2.97400537620334,85.0789328815907,46.4485840749361,1.73,28.68,Mali,High
MLI,2024,346.2195913,31.6075621182225,68.3924378817775,4.87178721321357,2.94115084753028,86.3633567815443,47.7561676952566,4.79,27.66,Mali,High
MRT,2000,96.39398785,38.0555858542174,61.9444141457826,2.66665622423687,2.78353822069134,41.4134230835058,18.1529733941699,0.26,23.38,Mauritania,Low
MRT,2001,93.67360035,38.1070763150421,61.8929236849579,2.60385454155604,2.46862570579989,42.3280271481034,19.3093273656577,0.22,24.32,Mauritania,Low
MRT,2002,92.58635812,38.3900378438208,61.6099621561792,2.95113320189588,2.2112923085405,43.8234469336447,20.5759918023257,0.17,23.49,Mauritania,Low
MRT,2003,96.00627541,38.8866922319919,61.1133077680081,3.57367381025006,2.28829406566231,45.328257924083,21.8519258918573,0.23,23.41,Mauritania,Low
MRT,2004,86.371944,39.5685575664461,60.4314424335539,4.08792971020018,2.34965515386841,46.8421748540114,23.1372199810227,0.1,23.44,Mauritania,Low
MRT,2005,84.3280398,40.407151934074,59.592848065926,4.52149815724087,2.42430459268211,48.3637496328725,24.4309798679279,0.47,24.09,Mauritania,Low
MRT,2006,76.41339766,41.3739934217664,58.6260065782336,4.8711169542429,2.50658248493226,49.8930914741819,25.9997164897389,0.19,23.54,Mauritania,Low
MRT,2007,75.79971801,42.4406001164139,57.5593998835861,5.14587749601302,2.60052819123955,51.4299037180572,27.6037678904985,0.11,23.23,Mauritania,Low
MRT,2008,65.48082034,43.5784901049073,56.4215098950927,5.52064773068348,2.87480873438379,52.9742769831922,29.2444593327866,0.22,23.83,Mauritania,Low
MRT,2009,32.97723088,44.7591814741371,55.2408185258629,5.80225185284367,3.12899450909418,54.5236725907371,30.9205985186658,0.45,23.2,Mauritania,Low
MRT,2010,36.27552519,45.9541923109942,54.0458076890058,5.82647240618461,3.19159403639576,56.0793137596393,32.634513910578,0.79,24.22,Mauritania,Low
MRT,2011,46.38845773,47.1350407023691,52.8649592976309,5.78223469022231,3.24512473547367,57.6405391140785,34.3867695026877,0.28,23.3,Mauritania,Low
MRT,2012,24.33632842,48.2732447351525,51.7267552648475,5.65022864652988,3.26413503920642,59.206705237902,36.1778963960657,0.44,23.35,Mauritania,Low
MRT,2013,27.1125812,49.3553973225913,50.6446026774087,5.35275419208433,3.135806545909,60.7764532840581,38.0075543396616,0.3,23.85,Mauritania,Low
MRT,2014,56.3040842,50.4694791226856,49.5305208773144,5.24438258947112,3.01218949095495,62.3466709330309,39.8731407401327,0.23,23.19,Mauritania,Low
MRT,2015,73.54566034,51.6680350049622,48.3319649950378,5.35310677510537,3.00605924056849,63.916470728636,41.7742652183786,0.62,23.68,Mauritania,Low
MRT,2016,94.53058931,52.9185627319946,47.0814372680054,5.38944246670266,2.99795842489143,65.4850065623498,43.7104270690001,0.28,23.5,Mauritania,Low
MRT,2017,72.78655602,54.1970448502004,45.8029551497996,5.37502523222296,2.98778789331469,67.0528469845158,45.6828446170813,0.19,23.74,Mauritania,Low
MRT,2018,79.68121244,55.1305077000081,44.8694922999919,4.68124966581243,2.97356403059489,68.6188207153195,47.6904380054199,0.91,22.39,Mauritania,Low
MRT,2019,60.21141041,56.0596215779146,43.9403784220854,4.62471052992238,2.95347297852629,70.1831740304399,49.7339098436372,0.18,22.95,Mauritania,Low
MRT,2020,64.10621784,56.9836701058893,43.0163298941107,4.55580963458665,2.92092559048913,71.7451315704303,51.8124755125379,1.83,23.72,Mauritania,Low
MRT,2021,26.24652736,57.901535141641,42.098464858359,4.48497730741558,2.88703345850902,73.3049522964887,53.9267671870648,0.76,23.28,Mauritania,Low
MRT,2022,57.54714717,58.8120996197226,41.1879003802774,4.48990902237068,2.92956466448208,74.8619034584031,56.0758490078081,0.53,24.11,Mauritania,Low
MRT,2023,42.86421682,59.7142464747058,40.2857535252942,4.488856283083,2.96653079197429,76.416594605687,58.2608340232933,0.72,24.55,Mauritania,Low
MRT,2024,69.5535938,60.6068586411829,39.3931413588171,4.36769871464923,2.88395898961435,77.2846491375388,58.676920295931,0.33,24.25,Mauritania,Low
MUS,2021,0.0,39.077147315722,60.922852684278,-0.188365605998914,0.0252729878913446,99.8537467482534,96.5249988240641,1.84,25.3,Mauritius,Low
MOZ,2000,473.6679998,29.2423697311441,70.7576302688559,2.87361986595873,2.20366517231952,23.4410418674047,10.7368086528161,3.42,22.62,Mozambique,High
MOZ,2001,489.9424843,29.4137097764239,70.5862902235761,2.81014502846112,2.22591756896921,24.4482966648571,11.6891382934177,2.15,23.39,Mozambique,High
MOZ,2002,494.6525903,29.5686323334348,70.4313676665652,2.76888887242345,2.24357740312433,25.8920562991607,12.6706023887281,1.49,23.35,Mozambique,High
MOZ,2003,483.8517518,29.7146340268639,70.2853659731361,2.75668918107683,2.26412694670583,27.3637062660651,13.6597206754492,1.01,23.8,Mozambique,High
MOZ,2004,459.3048003,29.8592114813982,70.1407885186018,2.76844984096725,2.28307737180822,28.8635945459384,14.656791437849,2.32,23.37,Mozambique,High
MOZ,2005,442.2485402,30.0098613217248,69.9901386782752,2.81627135645695,2.31300566720779,30.391019323665,15.661495607588,1.95,23.73,Mozambique,High
MOZ,2006,417.4201232,30.1740801725307,69.8259198274693,2.89432395252971,2.3486041998682,31.9468315696643,16.6744657730016,2.71,22.75,Mozambique,High
MOZ,2007,388.0202286,30.3598131347122,69.6401868652878,2.99309405489631,2.37944111058302,33.5293144441132,17.6947339130943,1.98,23.48,Mozambique,High
MOZ,2008,369.6138546,30.5625357695184,69.4374642304816,3.13116318162173,2.46564120587285,35.2815210331491,18.8175728896395,1.57,23.51,Mozambique,High
MOZ,2009,371.4678946,30.7715592059159,69.2284407940841,3.27254299195019,2.59095643753164,37.0713316939985,19.9603052560203,1.67,23.36,Mozambique,High
MOZ,2010,377.9403967,30.9861779822921,69.0138220177079,3.37189882421828,2.67685903538336,38.8870842432342,21.1157832994067,2.54,23.41,Mozambique,High
MOZ,2011,375.9882167,31.2062230032794,68.7937769967206,3.49378273315485,2.78615253564474,40.7272349107275,22.2833615319123,2.31,22.93,Mozambique,High
MOZ,2012,375.2321795,31.4315251735105,68.5684748264895,3.59039073376946,2.87101074780924,42.5912317568362,23.4630594441157,2.64,22.88,Mozambique,High
MOZ,2013,372.3830775,31.6619153976179,68.3380846023821,3.62087656055628,2.89055494992619,44.4785109091444,24.6548929254595,2.62,22.73,Mozambique,High
MOZ,2014,361.474302,31.8972245802342,68.1027754197658,3.63940113980556,2.89895498583923,46.3885053370703,25.8588794084376,2.13,23.2,Mozambique,High
MOZ,2015,353.6724564,32.1372836259918,67.8627163740082,3.65084758237593,2.90106067133475,48.3206421640835,27.0750381576231,1.17,23.98,Mozambique,High
MOZ,2016,345.2099754,32.3819234395234,67.6180765604766,3.6890048225999,2.93066434696089,50.2743318960673,28.3033808340067,2.07,23.7,Mozambique,High
MOZ,2017,333.7416332,32.6274411492675,67.3725588507325,3.74379454289043,2.98845927899068,52.2485430306556,29.5435460585168,2.8,23.0,Mozambique,High
MOZ,2018,331.298561,32.9902559073541,67.0097440926459,4.08675866507783,2.98089902972538,54.2431367591977,30.7959176592195,2.3,23.19,Mozambique,High
MOZ,2019,323.9677718,33.4177241517032,66.5822758482968,4.22716200555052,2.9397415898529,56.2587719909351,32.0616645064997,2.57,23.7,Mozambique,High
MOZ,2020,320.6527106,33.9044006416285,66.0955993583715,4.41073750658703,2.96490034295304,58.2943448564578,33.3404532645595,2.57,23.28,Mozambique,High
MOZ,2021,312.4499019,34.4499259401554,65.5500740598446,4.55398239701699,2.9577768101764,60.34998629028,34.6331153020155,2.77,23.11,Mozambique,Medium
MOZ,2022,304.5014421,35.0536638047945,64.9463361952055,4.68467154140618,2.9473431712575,62.4237541540672,35.9385123672753,2.99,23.11,Mozambique,Medium
MOZ,2023,303.5024659,35.7149783148407,64.2850216851593,4.82257959806553,2.95358093047219,64.5157588929919,37.257486002339,4.52,22.98,Mozambique,Medium
MOZ,2024,295.0966751,36.4332337447237,63.5667662552763,4.91106045654751,2.91994049442347,66.6252441342671,38.5900804802051,3.15,23.45,Mozambique,Medium
NAM,2000,53.56998125,32.1168956399877,67.8831043600123,4.69762603670953,2.35219877188535,76.2362461884581,27.1488440827973,0.98,19.1,Namibia,Low
NAM,2001,69.80992937,32.8575058425719,67.1424941574281,4.36937788812694,2.08953121470852,76.6073397311336,27.5998396163148,0.95,19.11,Namibia,Low
NAM,2002,46.92486955,33.6459301456028,66.3540698543972,4.12841775133587,1.75728257510242,77.0810806268773,28.1968311809375,0.8,19.52,Namibia,Low
NAM,2003,44.39199835,34.5460063719633,65.4539936280367,4.08419975282554,1.44425237074387,77.5698694830307,28.8122875122617,0.49,20.24,Namibia,Low
NAM,2004,68.43409165,35.5356476670033,64.4643523329967,4.10012639955122,1.27571138513782,78.0541039412165,29.4178256763319,1.1,19.4,Namibia,Low
NAM,2005,41.83477752,36.5870014553064,63.4129985446936,4.16931596234701,1.25364169808749,78.5320876453257,30.0109518702615,1.22,19.74,Namibia,Low
NAM,2006,43.12043819,37.6722151614564,62.3277848385436,4.20158118258891,1.27859222127371,79.0046008864518,30.5926680157068,2.21,17.97,Namibia,Low
NAM,2007,12.89613503,38.763436210037,61.236563789963,4.18766789005505,1.3321269140493,79.4708868241615,31.1618359120794,0.73,19.45,Namibia,Low
NAM,2008,7.443148598,39.8328120256318,60.1671879743682,4.12117053916679,1.39984615902945,79.9311134554851,31.7185868742759,1.54,18.94,Namibia,Low
NAM,2009,3.679959926,40.8524900328246,59.1475099671754,3.99880928369892,1.47115601688196,80.3834346901376,32.2603036353343,1.25,18.96,Namibia,Low
NAM,2010,1.546580743,41.7946176561991,58.2053823438009,3.82836470210104,1.54841464345813,80.8294504898485,32.7891161090276,1.23,19.28,Namibia,Low
NAM,2011,1.814932101,42.6276075621535,57.3723924378465,3.68937504288967,1.71587072736176,81.267654864296,33.3028894118118,2.22,17.67,Namibia,Low
NAM,2012,3.132021359,43.3804079185694,56.6195920814306,3.97732737485393,2.22673258326321,81.7057329100665,33.8118744896686,1.28,18.97,Namibia,Low
NAM,2013,4.387203728,44.1106769079132,55.8893230920868,4.27141374303958,2.60198589808047,82.1358474215349,34.3053246503093,0.82,19.77,Namibia,Low
NAM,2014,14.04706366,44.8214248210559,55.1785751789441,4.21130728331161,2.61288080068243,82.5578966769433,34.7830478360411,1.24,18.71,Namibia,Low
NAM,2015,7.986840709,45.5103554445325,54.4896445554675,4.17825359724814,2.65295870908636,82.9710417542827,35.243867972916,1.1,19.89,Namibia,Low
NAM,2016,16.55471625,46.1751725648784,53.8248274351216,4.14756688414306,2.69727890929136,83.3709791418252,35.68218646148,1.19,20.3,Namibia,Low
NAM,2017,44.80569541,46.8135799686288,53.1864200313712,4.10839482373332,2.73527353433315,83.756921632109,36.0971096744774,1.5,19.55,Namibia,Low
NAM,2018,24.54696366,47.4232814423189,52.5767185576811,4.06642382100675,2.77246337174234,84.1291083222967,36.4891060185928,1.32,19.82,Namibia,Low
NAM,2019,2.711721004,48.0019807724839,51.9980192275161,4.01225493908551,2.79932223646079,84.5549009012644,36.9123066913261,0.66,21.0,Namibia,Low
NAM,2020,9.324759436,48.547381745659,51.452618254341,4.04000520067906,2.91019887709682,84.9689182481296,37.3147816708838,1.33,19.29,Namibia,Low
NAM,2021,9.557697618,49.0571881483796,50.9428118516204,3.99776707077746,2.95314556354467,85.3713640915778,37.6969593429633,1.49,18.71,Namibia,Low
NAM,2022,7.378135206,49.5291037671807,50.4708962328193,3.7333873147849,2.77600581415178,85.7619951593707,38.0587226800855,2.16,18.96,Namibia,Low
NAM,2023,8.238249355,49.9545837830821,50.0454162169179,3.36485427325318,2.50947899094054,86.1410432483345,38.4005446833098,1.03,20.14,Namibia,Low
NAM,2024,7.199087298,50.4088030252155,49.5911969747845,3.14230774103844,2.23715227334598,86.5087378352127,38.7229020528394,1.31,20.66,Namibia,Low
NER,2000,359.2388287,16.1307678222656,83.8692321777344,3.95953190177354,3.46716382832898,36.5479060182649,6.49095998473198,1.17,28.74,Niger,High
NER,2001,350.7139336,16.2687225341797,83.7312774658203,4.36036130646325,3.50878624306039,37.358813438708,6.90942898388813,1.3,28.55,Niger,High
NER,2002,327.8655589,16.2687206268311,83.7312793731689,3.53148159440026,3.53148102432579,38.1115370315666,7.30986882133162,1.21,29.08,Niger,High
NER,2003,298.9205894,16.2687225341797,83.7312774658203,3.56228422470428,3.5622769230714,38.8582098965165,7.71048737435581,1.6,28.67,Niger,Medium
NER,2004,302.7813701,16.2687225341797,83.7312774658203,3.5982380350904,3.59824904350361,39.5981949224788,8.11105189403746,1.15,29.11,Niger,Medium
NER,2005,310.4929264,16.2687225341797,83.7312774658203,3.62971954924472,3.62970414217364,40.3308901559153,8.51225299855436,1.68,29.05,Niger,Medium
NER,2006,307.3921646,16.2675724894628,83.7324275105372,3.6500218039751,3.65709371425878,41.0575024887785,8.91225988238255,1.18,29.16,Niger,Medium
NER,2007,315.3735012,16.2641887037781,83.7358112962219,3.66029214479531,3.68110827846052,41.7774242131502,9.3108172797856,1.55,28.43,Niger,High
NER,2008,351.7614407,16.2586706998252,83.7413293001748,3.66809515493972,3.70203244818704,42.4900876989759,9.70763488348427,1.4,28.17,Niger,High
NER,2009,377.446166,16.2511180003032,83.7488819996968,3.67060631589823,3.71708044318123,43.1966321655043,10.1032794598234,1.43,29.25,Niger,High
NER,2010,410.0521523,16.2416301279116,83.7583698720884,3.66698368645726,3.72535077368531,43.8964824399921,10.4974697713474,1.5,28.92,Niger,High
NER,2011,424.0201445,16.2303066053496,83.7696933946504,3.65160949291123,3.72138303234104,44.5891012347432,10.8898889805879,1.13,28.9,Niger,High
NER,2012,427.9695499,16.2141284004355,83.7858715995645,3.67354470036037,3.77324639644684,45.2755729615711,11.2811585980416,1.71,28.43,Niger,High
NER,2013,416.7241634,16.2162595696064,83.7837404303936,3.7715111902714,3.75837207594511,45.9553436655962,11.6709689397012,1.62,28.84,Niger,High
NER,2014,410.1174189,16.2450424611665,83.7549575388335,3.86662213149463,3.6892808045974,46.6360032875155,12.0644714438851,1.39,29.23,Niger,High
NER,2015,404.9041255,16.3035606587493,83.6964393412507,4.05596230514375,3.69640590007582,47.3180912197977,12.4627973884211,1.74,28.06,Niger,High
NER,2016,389.3292161,16.3898280543236,83.6101719456764,4.20199301063325,3.67426137513091,48.0001316756614,12.8657160959019,1.78,28.7,Niger,High
NER,2017,367.771494,16.5036987906896,83.4963012093104,4.2524305341869,3.56007044831691,48.6826437620777,13.2744201872419,1.56,28.66,Niger,High
NER,2018,349.7528334,16.6449011799221,83.3550988200779,4.30282962500343,3.45088050525461,49.364204791619,13.6886629942744,1.33,28.72,Niger,High
NER,2019,332.5602149,16.813146499685,83.186853500315,4.372270386451,3.36654855482346,50.045306277114,14.10969749241,1.37,28.74,Niger,High
NER,2020,330.7829924,17.0081420003794,82.9918579996206,4.45287264441085,3.29977391625444,50.7254664539795,14.5380631441061,2.29,28.15,Niger,High
NER,2021,304.176622,17.2295936666686,82.7704063333314,4.54788563715312,3.25425239869281,51.4037852396431,14.973899415173,1.4,28.89,Niger,Medium
NER,2022,305.1436384,17.477207007512,82.522792992488,4.67862287618617,3.25170642220024,52.0806785975452,15.4185833482363,1.63,28.24,Niger,Medium
NER,2023,305.1436384,17.7506873295237,82.2493126704763,4.84755195055295,3.29489175812772,52.7552521305404,15.8722896113192,1.33,29.47,Niger,Medium
NER,2024,305.143644,18.0497398450803,81.9502601549197,4.95172159663678,3.28101480132484,53.4274656286176,16.336047650863,2.15,28.43,Niger,Medium
NGA,2000,401.7883996,43.2785051250243,56.7214948749757,4.63895812815827,2.67439784501828,44.4803085080205,27.9946368630353,5.32,25.54,Nigeria,High
NGA,2001,394.491681,44.1262421418539,55.8737578581461,4.65625262124468,2.7163954653619,45.7654579242041,28.0339074690086,2.72,24.57,Nigeria,High
NGA,2002,381.7466329,44.9793025536893,55.0206974463107,4.65624871631628,2.74147056608815,47.3236744097303,28.6863485385753,3.59,25.4,Nigeria,High
NGA,2003,382.0879866,45.8372080921761,54.1627919078239,4.64610639678525,2.75673506428828,48.8898791765237,29.3592592810807,2.97,25.61,Nigeria,High
NGA,2004,390.1169701,46.6994804889599,53.3005195110401,4.63422757160918,2.77053967849452,50.463557619145,30.053264298702,2.15,26.22,Nigeria,High
NGA,2005,395.897142,47.5656414756863,52.4343585243137,4.60659895850872,2.76883385211034,52.0438578033599,30.7689136757313,2.34,26.68,Nigeria,High
NGA,2006,398.5742219,48.424271994461,51.575728005539,4.55029614899566,2.76124698861505,53.6309977200112,31.5068491941473,2.96,26.07,Nigeria,High
NGA,2007,400.6095535,49.2357987173198,50.7642012826802,4.43378037589133,2.77180099910734,55.2248334433962,32.2676921129548,4.52,25.31,Nigeria,High
NGA,2008,402.0148632,50.0505212312351,49.9494787687649,4.42572856446101,2.78453384410814,56.8252264251632,33.0520750926105,3.82,24.71,Nigeria,High
NGA,2009,389.9603704,50.86453484762,49.13546515238,4.40060797442349,2.78730820935027,58.4306651834765,33.8602860424374,3.67,25.22,Nigeria,High
NGA,2010,363.3581836,51.6778188255446,48.3221811744554,4.38142318333946,2.795149361277,60.04206159591,34.6931346813428,3.89,25.34,Nigeria,High
NGA,2011,339.5066275,52.490352424079,47.509647575921,4.36285851269691,2.80278519998649,61.6552661645974,35.5499413895312,3.06,24.94,Nigeria,High
NGA,2012,316.2204182,53.302114902293,46.697885097707,4.30889172724088,2.77422930277333,63.2702627408651,36.4309338253294,4.31,25.22,Nigeria,High
NGA,2013,297.8264948,54.1130855192568,45.8869144807432,4.22469191092493,2.71468991073627,64.8863828876252,37.3360751927047,2.22,25.44,Nigeria,Medium
NGA,2014,287.7049251,54.9232435340404,45.0767564659596,4.128274103326,2.64221399374699,66.5036264382039,38.2655103767243,2.94,26.17,Nigeria,Medium
NGA,2015,283.812818,55.7325682057138,44.2674317942862,3.99897790948703,2.53617348598208,68.1220021164846,39.2193808312227,2.28,26.4,Nigeria,Medium
NGA,2016,284.8254203,56.541038793347,43.458961206653,3.91203673452783,2.47183239057048,69.7405688273521,40.1973286058844,4.01,26.02,Nigeria,Medium
NGA,2017,288.9798255,57.3486345560101,42.6513654439899,3.84994080250873,2.43170936923065,71.3599849035344,41.1997192224782,3.26,25.8,Nigeria,Medium
NGA,2018,291.073537,58.1553347527729,41.8446652472271,3.70903052125504,2.31217263003389,72.9796602996736,42.2262627362671,2.78,25.91,Nigeria,Medium
NGA,2019,292.9999532,58.9611186427056,41.0388813572944,3.57046212517853,2.1944019229433,74.5993213952744,43.2767522763627,3.57,26.23,Nigeria,Medium
NGA,2020,304.3687915,59.7659654848781,40.2340345151219,3.48611159161786,2.13029714344341,76.2190366017765,44.3511472247714,3.8,25.33,Nigeria,Medium
NGA,2021,299.2711055,60.5698545383604,39.4301454616396,3.43228281567284,2.09618685225463,77.8385518833185,45.4491559568794,3.75,25.61,Nigeria,Medium
NGA,2022,298.9976008,61.3727650622225,38.6272349377775,3.40970166456423,2.09281687128387,79.457946920672,46.5706755484283,4.82,24.61,Nigeria,Medium
NGA,2023,298.9976001,62.1746763155343,37.8253236844657,3.39655023058605,2.09838916935738,81.0772897042816,47.7155813553496,2.82,25.93,Nigeria,Medium
NGA,2024,294.2517937,62.9755675573659,37.0244324426341,3.3628832591496,2.08297776184189,82.2488935172216,47.9019370619136,3.23,26.46,Nigeria,Medium
RWA,2000,180.4321439,15.7804474645996,84.2195525354004,8.08083176249647,0.806991709703052,47.5705840769265,43.8876413678193,2.78,20.45,Rwanda,Medium
RWA,2001,171.3430546,16.5487399668155,83.4512600331845,5.64063580854919,0.886774966312804,48.3703423230961,45.6902028796929,2.58,20.12,Rwanda,Medium
RWA,2002,156.9898502,16.8778847116752,83.1221152883248,3.32479230086688,1.35537693210796,49.1857227790083,47.4611936352188,2.51,20.54,Rwanda,Medium
RWA,2003,139.2213116,16.8947432312369,83.1052567687631,2.29795473519903,2.19817405049677,49.7561626350801,49.0827278042719,3.21,20.32,Rwanda,Medium
RWA,2004,122.340729,16.9020099536792,83.0979900463208,2.68595662077977,2.6429108159401,50.2902032669002,50.6829486597842,4.35,19.49,Rwanda,Medium
RWA,2005,152.0588373,16.9072114459454,83.0927885540546,2.6908450571903,2.66009812240039,50.8247607465071,52.2806585813749,3.28,20.09,Rwanda,Medium
RWA,2006,150.0607684,16.9110139245047,83.0889860754953,2.68934981041493,2.66683575241351,51.3601414899442,53.8759294452882,3.15,20.11,Rwanda,Medium
RWA,2007,88.01726672,16.9140836058266,83.0859163941734,2.67823997031345,2.66008171576066,51.89573756501,55.4685962150806,4.26,19.19,Rwanda,Low
RWA,2008,69.73095799,16.9170867063804,83.0829132936196,2.64612716711945,2.62837643087324,52.431851071574,57.0587484402126,4.25,19.01,Rwanda,Low
RWA,2009,153.7369522,16.9206894426355,83.0793105573645,2.60046889100869,2.57922030255665,52.9687937725955,58.6463993130751,4.38,19.35,Rwanda,Medium
RWA,2010,104.653206,16.9255580310614,83.0744419689386,2.5524228691024,2.52365134392041,53.5059466163751,60.2315011971765,3.86,19.66,Rwanda,Low
RWA,2011,36.94163641,16.9323586881273,83.0676413118727,2.49280230256125,2.45262873450153,54.0436163513461,61.8140834716847,3.96,19.47,Rwanda,Low
RWA,2012,59.68531014,16.9410248882148,83.0589751117852,2.44497953015304,2.39380128171382,54.5821211607428,63.3941024387453,3.82,19.49,Rwanda,Low
RWA,2013,109.4911902,17.0742206053612,82.9257793946388,3.18655194284357,2.40340085493768,55.1208311821785,64.9716279211285,2.97,19.76,Rwanda,Low
RWA,2014,202.3026977,17.5020716539756,82.4979283460244,4.89218676859769,2.41721473954366,55.6650639617623,66.5451269597636,3.66,19.86,Rwanda,Medium
RWA,2015,308.0374762,18.1953149858416,81.8046850141584,6.27772586874097,2.39322566941773,56.2151798036552,68.1134578237063,2.94,20.29,Rwanda,Medium
RWA,2016,410.0814628,19.1213951786548,80.8786048213452,7.33433249429036,2.36997866838859,56.7706115569257,69.6758086260828,2.54,20.34,Rwanda,High
RWA,2017,711.4383145,20.2477568101111,79.7522431898889,8.06916696962031,2.34556709244995,57.3320450944617,71.2308954690674,2.58,20.71,Rwanda,High
RWA,2018,477.5673375,21.5418444579064,78.4581555420936,8.51166548585975,2.31630729613291,57.8995436163309,72.7776126104957,3.68,19.13,Rwanda,High
RWA,2019,385.3459071,22.9711026997362,77.0288973002638,8.70483012072618,2.28086099658628,58.4728536131809,74.3150494792337,3.7,19.89,Rwanda,High
RWA,2020,213.1164655,24.5029761132966,75.4970238867034,8.69819879632089,2.24244883430144,59.0523587439994,75.8419280137536,5.03,19.2,Rwanda,Medium
RWA,2021,118.7353148,26.1049092762833,73.8950907237167,8.52382771076354,2.1909353521865,59.6381227763257,77.3571126484404,4.19,19.13,Rwanda,Medium
RWA,2022,85.57229747,27.7806702737761,72.2193297262239,8.41216905490219,2.19046619232976,60.2302194003015,78.8594683891809,4.55,18.96,Rwanda,Low
RWA,2023,53.64373899,28.8555310645477,71.1444689354523,5.99461839278821,2.1984982050137,60.8290423575481,80.3475631851087,2.72,20.17,Rwanda,Low
RWA,2024,77.13835155,29.8849714294083,70.1150285705917,5.64716525959838,2.14176839550509,61.392176021167,81.3307323783745,3.6,20.63,Rwanda,Low
STP,2000,222.0208585,52.9663437052108,47.0336562947892,2.90353488580294,1.10033924534294,69.1887073923262,20.7903937086521,3.32,26.08,Sao Tome and Principe,Medium
STP,2001,287.5217763,53.9612039920776,46.0387960079224,3.48467313301681,1.62335301537299,69.6465271453616,21.9474707249804,2.87,25.87,Sao Tome and Principe,Medium
STP,2002,337.4177067,55.0882710997103,44.9117289002897,4.46058781732521,2.39433369314868,70.122877439146,23.1391737283234,3.64,26.37,Sao Tome and Principe,High
STP,2003,277.3219603,56.4128470868097,43.5871529131903,4.93959647135819,2.56289213876339,70.5928591242701,24.3386290849609,3.59,26.59,Sao Tome and Principe,Medium
STP,2004,294.7655433,57.8774845467458,42.1225154532542,5.06154189246628,2.49821189998236,71.0518333467706,25.5404255353565,2.93,26.46,Sao Tome and Principe,Medium
STP,2005,112.2192045,59.4188016908917,40.5811983091083,5.09185364143527,2.46392543668319,71.4990303925917,26.8577839135173,2.83,26.38,Sao Tome and Principe,Medium
STP,2006,31.06775015,60.9734167306206,39.0265832693794,5.02645908668235,2.44392306226435,71.9349975867541,28.1835957707981,3.24,26.32,Sao Tome and Principe,Low
STP,2007,14.26643646,62.4779478773056,37.5220521226944,4.86039046953005,2.42274880138795,72.3598122085936,29.5170578703442,4.27,26.5,Sao Tome and Principe,Low
STP,2008,36.00835477,63.8690133423199,36.1309866576801,4.58552859516798,2.38327636004872,72.7735646723353,30.857384929578,3.58,26.37,Sao Tome and Principe,Low
STP,2009,34.75904258,65.0832313370367,34.9167686629633,4.19197701224462,2.30924305588459,73.1759256432541,32.2032374350904,3.69,26.39,Sao Tome and Principe,Low
STP,2010,17.3045401,66.0572200728291,33.9427799271709,3.6816471189837,2.1960816383463,73.5674385311181,33.5544418305556,3.1,26.42,Sao Tome and Principe,Low
STP,2011,45.47290855,66.7275977610702,33.2724022389298,3.10388401197439,2.09396113456698,73.9480124273014,34.9099928554753,3.21,26.2,Sao Tome and Principe,Low
STP,2012,66.24823822,67.0335889448132,32.9664110551868,2.47873110609636,2.02092788368455,74.3179711797514,36.2694678517073,3.58,26.37,Sao Tome and Principe,Low
STP,2013,47.85474276,67.1306686401367,32.8693313598633,2.08384707801428,1.93896614465408,74.6744974780629,37.6279828671376,3.39,26.19,Sao Tome and Principe,Low
STP,2014,8.914096368,67.2606735229492,32.7393264770508,2.04961966603569,1.85635532189371,75.018493599873,38.9858756147002,3.37,26.16,Sao Tome and Principe,Low
STP,2015,10.26506433,67.3915710449219,32.6084289550781,1.9691949537029,1.77510214302047,75.3502679497471,40.3427054934035,3.21,26.07,Sao Tome and Principe,Low
STP,2016,10.98739248,67.5218887329102,32.4781112670898,1.87592193871202,1.6823011731644,75.6703085298352,41.6983508891345,3.78,26.77,Sao Tome and Principe,Low
STP,2017,10.81799295,67.6520004272461,32.3479995727539,1.78996975166943,1.59795344333085,75.9790930081593,43.0527347494608,3.79,26.39,Sao Tome and Principe,Low
STP,2018,13.97327142,67.7828826904297,32.2171173095703,1.73603425393872,1.54237554431048,76.2770612146702,44.4058041526004,3.93,26.54,Sao Tome and Principe,Low
STP,2019,11.46715903,67.9129943847656,32.0870056152344,1.70502961358324,1.51332392108067,76.5646613120149,45.7575570286583,3.46,26.75,Sao Tome and Principe,Low
STP,2020,8.890053993,68.0436706542969,31.9563293457031,2.06923715017051,1.87691054092554,76.8423036078909,47.1080132831109,3.08,26.81,Sao Tome and Principe,Low
STP,2021,12.24989976,68.1738967895508,31.8261032104492,2.25090533676363,2.06017354745306,77.1104795429933,48.4573502739393,3.67,26.83,Sao Tome and Principe,Low
STP,2022,17.5426968,68.3720919798341,31.6279080201659,2.22850083786605,1.93819561963228,77.5574116741511,48.5350542796998,3.42,26.48,Sao Tome and Principe,Low
STP,2023,10.17018162,68.6043921103568,31.3956078896432,2.33725193249281,1.99754660166419,77.7627440176423,48.6086612768342,3.47,26.8,Sao Tome and Principe,Low
STP,2024,30.08881869,68.8710170184884,31.1289829815116,2.38810615313448,2.0004655038868,77.957445837032,48.6785052753612,2.99,27.18,Sao Tome and Principe,Low
SEN,2000,230.3671854,40.6667555531967,59.3332444468033,2.88407851293906,2.41009917724256,59.7997359655038,36.6397850159843,1.25,24.12,Senegal,Medium
SEN,2001,176.6104223,40.8763420163126,59.1236579836874,2.93901710779535,2.42496943712898,60.9066465806354,37.6230679917559,1.24,24.78,Senegal,Medium
SEN,2002,156.9781585,41.1081471561292,58.8918528438708,3.01515890743062,2.44966153599012,62.0161291286122,38.6343782520626,0.97,24.27,Senegal,Medium
SEN,2003,168.085572,41.35893934855,58.64106065145,3.01507438361922,2.40684962152091,63.1942453922298,39.7038070707232,1.27,24.29,Senegal,Medium
SEN,2004,129.1973617,41.6248193895895,58.3751806104105,2.98712103341008,2.34632515714346,64.4218461577163,40.8160197921212,1.16,24.4,Senegal,Medium
SEN,2005,132.258173,41.9057599695838,58.0942400304162,3.01184993147925,2.33918136359556,65.6454033379623,41.9259089969181,1.56,25.14,Senegal,Medium
SEN,2006,121.5337892,42.2046413043069,57.7953586956931,3.0386102149415,2.32792929230269,66.865607080287,43.0340621400577,1.66,24.08,Senegal,Medium
SEN,2007,98.56509704,42.524343609533,57.475656390467,3.07746243001232,2.32279384441662,68.0818461765574,44.1399592498468,1.15,24.17,Senegal,Low
SEN,2008,52.18425924,42.867747101036,57.132252898964,3.14379957341358,2.3395118470328,69.2939508159691,45.2434542159987,1.82,24.71,Senegal,Low
SEN,2009,32.88483487,43.23773199459,56.76226800541,3.22499710274526,2.36561415953051,70.5013902121975,46.3440817777614,2.08,23.84,Senegal,Low
SEN,2010,60.3964477,43.6371785059692,56.3628214940308,3.30650702463761,2.38690195279185,71.7047289784237,47.4423428976999,1.86,25.01,Senegal,Low
SEN,2011,48.30951649,44.0689668509475,55.9310331490525,3.51254283884555,2.52791519909846,72.9034178534763,48.5377592186689,1.52,24.38,Senegal,Low
SEN,2012,53.04235891,44.5359772452989,55.4640227547011,3.73117471947222,2.67702425205872,74.0969620089046,49.6298898995035,1.26,24.27,Senegal,Low
SEN,2013,57.86767836,45.0398750539456,54.9601249460544,4.0885427494987,2.96345954605318,75.2855370773077,50.7188973203129,1.63,24.5,Senegal,Low
SEN,2014,37.64684834,45.6020905341588,54.3979094658412,4.40810828928847,3.16757470346908,76.46896680992,51.8046299171747,1.27,23.99,Senegal,Low
SEN,2015,69.27335982,46.2747669629858,53.7252330370142,4.53448110243958,3.07014792428801,77.649320243194,52.8890432398602,1.97,24.19,Senegal,Low
SEN,2016,45.5038804,47.0553579909929,52.9446420090071,4.65122615097993,2.97843134010735,78.8258139339832,53.9714940731355,1.42,24.41,Senegal,Low
SEN,2017,52.06403541,47.9338349639053,52.0661650360947,4.73738398703341,2.88769908740551,79.9984726874606,55.0521038030032,1.3,24.47,Senegal,Low
SEN,2018,65.83047734,48.9001692274485,51.0998307725515,4.796373610501,2.8004569855314,81.1662422601817,56.1299701818744,1.31,23.15,Senegal,Low
SEN,2019,41.10709029,49.9443321273477,50.0556678726523,4.8304347822934,2.71760793051867,82.3288600505419,57.204943845452,1.39,23.75,Senegal,Low
SEN,2020,35.58551473,51.0562950093282,48.9437049906718,4.83501162675689,2.63303572524896,83.4855735664121,58.276399086684,2.61,24.91,Senegal,Low
SEN,2021,41.85352816,52.2260292191155,47.7739707808845,4.80370767293112,2.53848919398481,84.636074800772,59.3441523766207,1.69,24.09,Senegal,Low
SEN,2022,38.09999862,53.4435061024348,46.5564938975652,4.77205195281825,2.46764281803509,85.7796288430834,60.407587055533,2.13,24.7,Senegal,Low
SEN,2023,34.68756564,54.6992276190794,45.3007723809206,4.70983412673516,2.38738348832592,86.915566820325,61.4661335345473,1.86,25.23,Senegal,Low
SEN,2024,36.78065012,55.2368169057304,44.7631830942696,3.29859527765075,2.32058603495657,88.0435670438381,62.5195952667746,1.84,25.3,Senegal,Low
SLE,2000,424.5773419,35.5327867241975,64.4672132758025,3.03497083220683,2.41540405213567,40.8831188702794,7.69468734199492,5.55,25.9,Sierra Leone,High
SLE,2001,425.0596936,35.763651295501,64.236348704499,6.55318123016343,5.90551884410875,41.2237067367546,7.92617092793216,3.61,25.99,Sierra Leone,High
SLE,2002,425.579018,36.0082791496616,63.9917208503384,6.4513495307338,5.76970115082171,42.3564018737387,8.15825825383365,2.53,26.45,Sierra Leone,High
SLE,2003,414.2987013,36.2690511597053,63.7309488402947,4.78659405360703,4.06499006251213,43.4895263720977,8.39095201927437,3.04,26.71,Sierra Leone,High
SLE,2004,405.3917347,36.5491283814755,63.4508716185245,4.14987351553168,3.38061570413438,44.6230449596338,8.94954704248469,4.15,26.58,Sierra Leone,High
SLE,2005,401.1913019,36.8485519672439,63.1514480327561,3.50535503914596,2.68947280362006,45.7867241537435,9.53865069026283,6.04,26.37,Sierra Leone,High
SLE,2006,397.648239,37.1703805343647,62.8296194656353,3.07624958228152,2.2066693720303,46.9721511803673,10.156650697941,3.8,26.26,Sierra Leone,High
SLE,2007,405.146006,37.5122859420526,62.4877140579474,3.11174558035671,2.19611425557566,48.1563137689467,10.7956031143398,3.19,26.49,Sierra Leone,High
SLE,2008,427.0981736,37.8725951588418,62.1274048411582,3.4529563504353,2.49702214618885,49.3391346809252,11.4555098785818,4.85,26.66,Sierra Leone,High
SLE,2009,445.0370778,38.2496351532666,61.7503648467334,3.68402442323883,2.69336857329164,50.520195051474,12.1362206469185,7.46,26.18,Sierra Leone,High
SLE,2010,438.8863123,38.6417328938613,61.3582671061387,3.7413902895405,2.72150859888002,51.6994418329327,12.837725625722,5.18,26.73,Sierra Leone,High
SLE,2011,427.789827,39.0472153491602,60.9527846508398,3.65364754265154,2.60978263924562,52.8771685676355,13.5601796070667,1.97,26.86,Sierra Leone,High
SLE,2012,413.4357999,39.4644094876975,60.5355905123025,3.59534718936525,2.53259491687101,54.0533047771617,14.3035861709667,8.66,26.33,Sierra Leone,High
SLE,2013,396.1229964,39.8916422780075,60.1083577219925,3.53401051171368,2.45725730456865,55.2271223321324,15.0676033654272,10.6,26.02,Sierra Leone,High
SLE,2014,380.2951696,40.3272406886245,59.6727593113755,3.47508947100445,2.38905832119365,56.3992358539249,15.8525627081666,6.81,26.05,Sierra Leone,High
SLE,2015,367.8219521,40.7669565187099,59.2330434812901,3.40268207799514,2.31819402812025,57.5692588907449,16.6582857856538,10.77,26.0,Sierra Leone,High
SLE,2016,363.5640182,41.229411538771,58.770588461229,3.48255460179657,2.35457342669593,58.7374466065884,17.4849469878374,16.34,26.2,Sierra Leone,High
SLE,2017,350.548609,41.7106682105058,58.2893317894942,3.54630874641835,2.38578952940087,59.9058113970129,18.3338579581936,13.72,26.32,Sierra Leone,High
SLE,2018,340.6108335,42.2011025267803,57.7988974732197,3.51625356318864,2.34731039123252,61.0747116605736,19.205484723374,10.79,26.02,Sierra Leone,High
SLE,2019,321.8810006,42.7018444914441,57.2981555085559,3.50104449063537,2.32146457882717,62.2435949536526,20.0997388519849,10.65,26.45,Sierra Leone,High
SLE,2020,313.1107538,43.2129659123546,56.7870340876454,3.49831252762627,2.30847202655897,63.4122118828476,21.0167123808123,6.55,26.54,Sierra Leone,High
SLE,2021,305.8165182,43.7345385973699,56.2654614026301,3.47439057205295,2.27463021517533,64.5803175608776,21.9564987659226,14.98,26.73,Sierra Leone,Medium
SLE,2022,298.1900264,44.2666343543487,55.7333656456513,3.43529012572599,2.22598462352813,65.7476533121916,22.9191878036943,7.07,26.42,Sierra Leone,Medium
SLE,2023,284.0818617,44.809324991151,55.190675008849,3.41373586800309,2.19524258771884,66.9139758718619,23.9048711595784,11.01,26.58,Sierra Leone,Medium
SLE,2024,282.6656771,45.3626823156371,54.6373176843629,3.35005056369307,2.1226891332086,68.0790238061869,24.9136362418086,9.14,26.83,Sierra Leone,Medium
ZAF,2000,3.859650536,56.2589954883628,43.7410045116372,2.37958049360922,0.914659168313889,85.9559975488844,60.4973716866815,2.17,18.61,South Africa,Low
ZAF,2001,5.572374009,57.0014339378269,42.9985660621731,2.17054019783816,0.859492168208101,86.4622424726781,61.2759508701069,1.56,19.58,South Africa,Low
ZAF,2002,3.258890519,57.6723587528482,42.3276412471518,2.11719451581064,0.947036940076663,86.9757383414211,62.0623724472109,1.26,19.79,South Africa,Low
ZAF,2003,2.775032093,58.3724341232066,41.6275658767934,2.20313387477921,0.996556488051653,87.4856409014173,62.8465144848753,1.02,20.6,South Africa,Low
ZAF,2004,2.734968695,59.0977390950102,40.9022609049898,2.24231194345346,1.00742279739678,87.9864909045076,63.6233578866547,1.84,19.71,South Africa,Low
ZAF,2005,1.566982279,59.8241758378997,40.1758241621003,2.23432772818096,1.01260946155511,88.4775318362901,64.3920939153514,1.49,20.5,South Africa,Low
ZAF,2006,2.419683721,60.5276465215157,39.4723534784843,2.19076196352699,1.02172490694402,88.9593651216847,65.1530628772458,2.13,18.56,South Africa,Low
ZAF,2007,1.252162637,61.1840533154988,38.8159466845012,2.13370315008132,1.05506511201209,89.4320344752116,65.9061304060194,1.38,19.87,South Africa,Low
ZAF,2008,1.525200535,61.7692983894896,38.2307016105104,2.10508046433246,1.15309551684298,89.895824706748,66.6513463502515,1.8,19.84,South Africa,Low
ZAF,2009,1.173820781,62.2592839131287,37.7407160868713,1.98402740142049,1.19390450655684,90.3498541806487,67.3878839823923,1.97,19.41,South Africa,Low
ZAF,2010,1.53981207,62.6299120560569,37.3700879439431,1.77644102111011,1.1829095702162,90.7948993263466,68.1161861329021,1.8,19.91,South Africa,Low
ZAF,2011,1.861678039,62.850627754452,37.149372245548,1.58810792630001,1.23631458705301,91.2307992186561,68.8359875393952,1.55,19.13,South Africa,Low
ZAF,2012,1.231068212,62.9616560303263,37.0383439696737,1.65129324023432,1.47479434391075,91.6578231075925,69.5473276761195,1.31,19.64,South Africa,Low
ZAF,2013,1.581051812,63.0524024097034,36.9475975902966,1.79667637726867,1.65265199501405,92.0754416048639,70.2497373907273,1.65,19.54,South Africa,Low
ZAF,2014,2.1054116,63.1352327065742,36.8647672934258,1.79272657639382,1.66144540694123,92.4843371456174,70.9435261806792,1.48,19.28,South Africa,Low
ZAF,2015,0.874240373,63.2096349937231,36.7903650062769,2.12766676013557,2.00988840160514,92.2766813341795,71.6284763129344,0.84,20.99,South Africa,Low
ZAF,2016,0.75498323,63.2750973439347,36.7249026560653,1.04403234165514,0.940521897823675,92.0633898282653,72.3045193020221,1.7,20.28,South Africa,Low
ZAF,2017,4.056725096,63.3311078299936,36.6688921700064,0.742317413298805,0.653837462693277,91.844654961916,72.9715054204693,1.9,19.42,South Africa,Low
ZAF,2018,1.631378704,63.3771545246841,36.6228454753159,1.7550496718782,1.68236992028419,91.6208678269317,73.6294078282668,1.3,20.07,South Africa,Low
ZAF,2019,0.809057144,63.4127255007908,36.5872744992092,1.70568579598025,1.64957495527878,91.3923995625225,74.2781920666219,1.68,20.54,South Africa,Low
ZAF,2020,0.736926125,63.4373088310982,36.5626911689018,1.6609247061112,1.62216431400652,91.1598368082793,74.917857781457,1.63,19.49,South Africa,Low
ZAF,2021,0.483231603,63.4503925883909,36.5496074116091,1.56117901568083,1.54055743832642,90.9231026021655,75.5483071505453,1.9,19.46,South Africa,Low
ZAF,2022,0.327517165,63.4766699210327,36.5233300789673,1.45537677352059,1.41397227960081,90.6825361107103,76.169562634684,2.12,19.47,South Africa,Low
ZAF,2023,0.837019584,63.5823705163545,36.4176294836455,1.49448180148783,1.32810094082844,90.4386965804708,76.7816295496925,1.43,20.27,South Africa,Low
ZAF,2024,0.114830867,63.6917984858172,36.3082015141828,1.42147218614851,1.24951426055192,90.1916801364739,77.384521067613,1.23,20.99,South Africa,Low
SSD,2000,344.5878639,16.0428540117317,83.9571459882683,5.87408985368194,4.41687038815206,40.2979213684027,6.98593579388276,1.56,29.63,South Sudan,High
SSD,2001,344.9102949,16.2559618671544,83.7440381328456,5.79541033179039,4.47577583092792,40.2979213684027,6.98593579388276,2.49,28.92,South Sudan,High
SSD,2002,339.6918145,16.447645411794,83.552354588206,5.6426951217891,4.47049405409342,40.2979213684027,6.98593579388276,1.85,29.79,South Sudan,High
SSD,2003,329.7816091,16.6154472307377,83.3845527692623,5.55392621081632,4.53889048481808,40.2979213684027,6.98593579388276,1.59,29.83,South Sudan,High
SSD,2004,315.4955156,16.7569099090725,83.2430900909275,5.51631795909323,4.66850589649025,40.2979213684027,6.98593579388276,1.6,29.93,South Sudan,High
SSD,2005,305.8574786,16.8695760318857,83.1304239681143,5.48921140124183,4.81908754947047,40.2979213684027,6.98593579388276,1.96,29.83,South Sudan,Medium
SSD,2006,292.7595296,16.9509881842643,83.0490118157357,5.44668853112263,4.96525465188372,40.2979213684027,6.98593579388276,1.85,29.71,South Sudan,Medium
SSD,2007,274.799682,16.9986889512954,83.0013110487046,5.32031623502286,5.03930740277703,40.2979213684027,6.98593579388276,2.6,28.66,South Sudan,Medium
SSD,2008,268.0990745,17.0301141193955,82.9698858806045,5.17057314838136,4.98590020248472,40.2979213684027,6.98593579388276,2.05,29.07,South Sudan,Medium
SSD,2009,271.1154668,17.2937284639317,82.7062715360683,6.25322629660286,4.71716057220357,40.2979213684027,6.98593579388276,1.81,29.37,South Sudan,Medium
SSD,2010,275.6155299,17.535620199576,82.464379800424,6.68159147094712,5.29254618151503,40.2979213684027,6.98593579388276,2.26,29.12,South Sudan,Medium
SSD,2011,281.3275987,17.7817678106789,82.2182321893211,6.80764063569239,5.41366403885379,40.2979213684027,6.98593579388276,2.32,28.66,South Sudan,Medium
SSD,2012,278.3962611,18.0321885447664,81.9678114552336,5.84816154168047,4.44972889782953,40.3182204862037,7.58007556158214,3.06,27.79,South Sudan,Medium
SSD,2013,276.1013856,18.2868996493633,81.7131003506367,5.1439036595208,3.74120236356755,40.3170036685797,8.20089254501599,2.9,27.82,South Sudan,Medium
SSD,2014,271.0397406,18.5459183719929,81.4540816280071,2.02066544861271,0.614232824755906,40.2950996381389,8.84915620851998,3.57,27.57,South Sudan,Medium
SSD,2015,269.3070963,18.8092619601773,81.1907380398227,0.268542615222738,-1.14143555707987,40.2538150385171,9.52607939004663,2.91,27.69,South Sudan,Medium
SSD,2016,265.7058078,19.0769476614377,80.9230523385623,-1.1165126094413,-2.52965683465808,40.1939250394891,10.2323689883362,3.01,28.1,South Sudan,Medium
SSD,2017,277.3002801,19.3489927232944,80.6510072767056,-3.99994474319557,-5.41590990485178,40.1164221655228,10.968942628146,3.06,27.82,South Sudan,Medium
SSD,2018,276.3027121,19.6254143932663,80.3745856067337,0.0822314011650619,-1.33625896422837,40.0226124064879,11.737005779493,2.76,27.91,South Sudan,Medium
SSD,2019,285.9328602,19.9062299188719,80.0937700811281,4.34515152173449,2.92439531185626,39.9136238003103,12.5375975656084,3.26,27.89,South Sudan,Medium
SSD,2020,281.6038036,20.1914565476286,79.8085434523714,4.02752942560842,2.60487164966918,39.7909332940047,13.0864589618101,4.35,26.86,South Sudan,Medium
SSD,2021,276.8211762,20.4811115270532,79.5188884729468,2.97618035682215,1.55179411079181,39.6554918601002,13.6458281034803,3.22,27.45,South Sudan,Medium
SSD,2022,274.7837187,20.7752121046616,79.2247878953384,2.84575091838396,1.42002025455897,39.5092288005932,14.2167630894524,2.61,27.87,South Sudan,Medium
SSD,2023,264.9337207,21.0737755279692,78.9262244720308,5.53502630614536,4.10816463205266,39.6266422393655,14.3201319980044,2.98,28.64,South Sudan,Medium
SSD,2024,254.0781492,21.3768190444906,78.6231809555094,5.35572566859027,3.92792442239756,39.7494391327564,14.4282401482886,4.01,28.24,South Sudan,Medium
TZA,2000,334.6066207,22.1944164040635,77.8055835959365,4.53902099424793,2.84152432501121,28.6115317838844,3.44646184127631,1.44,23.19,Tanzania,High
TZA,2001,318.4528321,22.5963228653037,77.4036771346963,4.4961603877111,2.70152074754623,29.8677621346393,4.73290413603406,1.29,22.7,Tanzania,High
TZA,2002,297.3343182,23.0306918214565,76.9693081785435,4.49256487059464,2.58850722069614,31.1241267343725,6.02169752992319,2.22,22.83,Tanzania,Medium
TZA,2003,278.6530601,23.5202087261949,76.4797912738051,4.74848610694339,2.64525638066994,32.4757991553598,7.3420470245643,1.22,23.48,Tanzania,Medium
TZA,2004,264.9470208,24.0832469119457,75.9167530880543,5.07889855144145,2.71326096371365,33.9471157006674,8.68990145112376,2.07,22.83,Tanzania,Medium
TZA,2005,251.6788289,24.7061884538741,75.2938115461259,5.32887971561333,2.77513941065557,35.4283532789457,10.0407875300945,0.99,23.35,Tanzania,Medium
TZA,2006,225.7173376,25.3741033202009,74.6258966797991,5.46808506988817,2.80055623798532,36.9195071413939,11.3955838103187,1.86,22.97,Tanzania,Medium
TZA,2007,197.8895543,26.0720614791471,73.9279385208529,5.50485226068867,2.79133312179469,38.4195983532873,12.7548704063114,1.74,22.6,Tanzania,Medium
TZA,2008,174.5592652,26.7851328989335,73.2148671010665,5.40112902994469,2.70285900109119,39.9290568171928,14.1197491698762,1.77,22.58,Tanzania,Medium
TZA,2009,155.4170819,27.498387547781,72.501612452219,5.09497136237819,2.46693695085578,41.4454872812529,15.4903054261921,2.59,22.95,Tanzania,Medium
TZA,2010,145.5640581,28.1968953939105,71.8031046060895,5.0529399549445,2.54448522649017,42.9702242043012,16.8680409613497,1.35,22.99,Tanzania,Medium
TZA,2011,132.9716744,28.865726405543,71.134273594457,5.14415698651668,2.79985031213535,44.5013525843349,18.2532282424589,2.04,23.13,Tanzania,Medium
TZA,2012,121.4475751,29.4878764597911,70.5121235402089,5.01236870675833,2.8799437394168,46.0392257141693,19.6470733482155,2.19,22.17,Tanzania,Medium
TZA,2013,131.7988925,30.0725108782502,69.9274891217498,4.97778617806947,3.01455736724095,47.5819698290827,21.049832968174,1.26,23.3,Tanzania,Medium
TZA,2014,146.359004,30.6443077170742,69.3556922829258,4.96394591748451,3.08040316049107,49.1277716374045,22.4616949820223,2.38,22.71,Tanzania,Medium
TZA,2015,141.8033753,31.2061566592472,68.7938433407528,5.07866064291693,3.26181042317192,50.6761681803936,23.8834363913571,1.91,23.22,Tanzania,Medium
TZA,2016,134.0467683,31.7577303242916,68.2422696757084,5.15937190855639,3.40729531415315,52.2258564710625,25.3153858621226,1.93,22.64,Tanzania,Medium
TZA,2017,123.1838275,32.2987013317296,67.7012986682704,5.0305164124357,3.3414302210835,53.7768153446022,26.7585271322434,1.66,23.1,Tanzania,Medium
TZA,2018,111.4820751,32.8287423010834,67.1712576989166,4.78345775460118,3.15572113764533,55.3281861083023,28.2133927251419,2.72,22.21,Tanzania,Low
TZA,2019,116.092398,33.3475258518752,66.6524741481248,4.54852679259264,2.98060939385811,56.8787467857379,29.6802357492442,2.82,22.95,Tanzania,Medium
TZA,2020,123.3493028,33.8547246036273,66.1452753963727,4.50255101559597,2.99305168844906,58.4288709914851,31.1602899873696,3.76,21.4,Tanzania,Medium
TZA,2021,133.3293979,34.3500111758619,65.6499888241381,4.45351868596443,3.00113934816488,59.9769893426504,32.6535108479798,2.03,22.27,Tanzania,Medium
TZA,2022,132.3930445,34.8234736377147,65.1765263622853,4.31939931544978,2.95046658393064,61.5231007781577,34.1608687863697,2.6,22.31,Tanzania,Medium
TZA,2023,138.4507573,35.4748019434954,64.5251980565046,4.75559638967141,2.90250073555304,63.0660884066509,35.6824982712263,2.21,23.3,Tanzania,Medium
TZA,2024,136.7250515,36.1684458862992,63.8315541137008,4.8107084931504,2.87426672866542,64.6059619473789,37.2193614570345,3.47,22.26,Tanzania,Medium
TGO,2000,445.1167268,33.0994844063309,66.9005155936691,3.86753729990383,2.49694541999729,45.8401052749538,8.03359662210635,2.23,26.63,Togo,High
TGO,2001,441.7516109,33.5503635916513,66.4496364083487,3.83917661780033,2.48616573955035,47.2066551581281,8.26404186167869,2.46,26.68,Togo,High
TGO,2002,450.6022512,34.0011370438307,65.9988629561693,3.81148245380522,2.47686827426846,48.548643782428,8.49612982372265,3.03,26.65,Togo,High
TGO,2003,466.2088634,34.4513989657696,65.5486010342304,3.81016232253329,2.49455979585183,49.8657131320708,8.7296739646634,3.07,26.81,Togo,High
TGO,2004,478.6739525,34.9007435603688,65.0992564396312,3.73396046727542,2.43812237847062,51.0022965045224,8.96468393915561,3.02,26.63,Togo,High
TGO,2005,481.5060181,35.3487650305291,64.6512349694709,3.74110994456108,2.465585096448,51.9453319211915,9.61445795262473,2.51,26.72,Togo,High
TGO,2006,474.9405557,35.795057579151,64.204942420849,4.10490102238253,2.85028115220356,52.8533718752421,10.2925202802465,2.64,26.87,Togo,High
TGO,2007,447.2647287,36.2392154091353,63.7607845908647,4.39267009218355,3.15943065724402,53.7264798079458,10.9986369472506,3.56,26.64,Togo,High
TGO,2008,396.3294881,36.6808327233827,63.3191672766173,4.42421332362868,3.21297180409526,54.5651625096366,11.7327806563873,2.91,26.73,Togo,High
TGO,2009,343.1490118,37.1195037247939,62.8804962752061,4.41785465708988,3.22903074698961,55.3677359070846,12.493855912589,3.09,26.74,Togo,High
TGO,2010,318.5258571,37.5545882975638,62.4454117024362,4.29386072659616,3.12855507905751,56.1360720615008,13.2824677060048,3.54,27.18,Togo,High
TGO,2011,310.5693739,37.9872305648732,62.0127694351268,3.87114217154078,2.72570995210441,56.877895720393,14.1028173218821,3.1,26.76,Togo,Medium
TGO,2012,336.2069791,38.4194359598204,61.5805640401796,3.45975539495418,2.32840848204104,57.5887896171643,14.9528006713975,3.02,26.68,Togo,High
TGO,2013,369.590891,38.8516767884103,61.1483232115897,3.27649505804747,2.15773898903495,58.2632949727303,15.8290583040509,2.31,26.87,Togo,High
TGO,2014,368.9771092,39.2839506458368,60.7160493541632,3.12741687906967,2.02090495483301,58.9022839214157,16.7317561082878,2.58,26.92,Togo,High
TGO,2015,372.3465213,39.7162551272934,60.2837448727066,3.00551162830185,1.91106686899123,59.5058666846818,17.6606158910418,2.36,26.9,Togo,High
TGO,2016,368.5680178,40.1485878279739,59.8514121720261,2.89574444844279,1.81308919594096,60.0753126449292,18.6162879264339,2.94,27.12,Togo,High
TGO,2017,351.1472248,40.5809463430719,59.4190536569281,2.77169504622712,1.70055326010166,60.6102462342239,19.5982705218929,2.85,26.99,Togo,High
TGO,2018,322.4549685,41.013328267781,58.986671732219,2.87042245265537,1.81055738571426,61.1106166110229,20.6062840876452,3.18,26.96,Togo,High
TGO,2019,289.9780552,41.445731197295,58.554268802705,3.19393762403555,2.14516244090598,61.5763879815796,21.6400439153227,4.0,27.17,Togo,Medium
TGO,2020,283.9224335,41.8781527268075,58.1218472731925,3.22037191478078,2.18244940997049,62.0075237539343,22.6992561746885,3.96,26.96,Togo,Medium
TGO,2021,279.5067973,42.3105904515122,57.6894095484878,2.911373754211,1.88405259258743,62.4040009740747,23.7836212231427,3.59,27.13,Togo,Medium
TGO,2022,278.590208,42.7332327975627,57.2667672024373,2.64897487784911,1.65504210377245,62.7656132616006,24.8925910881783,4.08,26.72,Togo,Medium
TGO,2023,264.7971586,43.2496853032436,56.7503146967564,3.10696192348597,1.90565010531245,63.7824051013865,25.0297462105085,4.16,27.26,Togo,Medium
TGO,2024,249.252173,43.8148491605996,56.1851508394004,3.49566193183102,2.197364628925,64.7862455498292,25.1681056691569,3.49,27.51,Togo,Medium
UGA,2000,482.7711493,11.6414758125187,88.3585241874813,5.08851303786041,3.14418360294887,26.2357051861037,14.7116633613524,3.66,22.61,Uganda,High
UGA,2001,508.4273514,11.9013889740088,88.0986110259912,5.26714025611309,3.05906863525199,27.5298826781499,15.1044104366213,4.62,21.94,Uganda,High
UGA,2002,501.6191286,12.202793574555,87.797206425445,5.63255861653801,3.13158750187579,28.8504493952135,15.4966529446954,4.16,22.22,Uganda,High
UGA,2003,479.3627641,12.5904136719317,87.4095863280683,6.28530421495584,3.15822372497188,30.1967437598834,15.8883472908915,3.62,22.69,Uganda,High
UGA,2004,442.7841558,13.1221118400615,86.8778881599385,7.13576569956508,2.99944519470383,31.5685635634506,16.2795981231902,3.79,22.46,Uganda,High
UGA,2005,426.2721027,13.7907239496723,86.2092760503277,7.9046619953349,2.93492118829227,32.9633010331223,16.6697698999299,2.54,23.34,Uganda,High
UGA,2006,425.6222728,14.5851520274647,85.4148479725353,8.52824032334294,2.92745935131587,34.3826242141433,17.0595600245412,3.42,22.91,Uganda,High
UGA,2007,417.9052811,15.494298100139,84.505701899861,8.98787916843253,2.94106654284048,35.824381726143,17.4484827686049,3.54,22.43,Uganda,High
UGA,2008,417.7022309,16.5070641943955,83.4929358056045,9.27612330758762,2.9444861420196,37.2887308722368,17.8367866196346,3.07,22.57,Uganda,High
UGA,2009,422.7998524,17.6123523369348,82.3876476630652,9.42249975155462,2.94129171098808,38.7739967915564,18.2241387733923,3.5,22.81,Uganda,High
UGA,2010,405.9743691,18.7990645544572,81.2009354455428,9.46454823390025,2.9438913354304,40.2802562427772,18.6107811745522,3.67,22.54,Uganda,High
UGA,2011,382.8950377,20.0561028736631,79.9438971263369,9.40457658331693,2.93194913680129,41.8062522892618,18.9965285314938,3.95,22.42,Uganda,High
UGA,2012,349.7942202,21.372369321253,78.627630678747,9.26077647359218,2.90422608403173,43.3515394345294,19.3814718588075,3.6,22.39,Uganda,High
UGA,2013,310.2735934,22.7367659239271,77.2632340760729,9.05799084106093,2.86955163863091,44.9140772703055,19.7651604775123,3.66,22.2,Uganda,Medium
UGA,2014,292.1084447,24.1938503391826,75.8061496608174,9.16295881110634,2.95144499872136,46.4945464801436,20.1480923027985,4.2,22.17,Uganda,Medium
UGA,2015,288.695679,24.9777856560427,75.0222143439573,6.26213151601533,3.07329293941893,48.0912598324733,20.5299518497404,5.04,22.37,Uganda,Medium
UGA,2016,281.0223533,25.6953567134098,74.3046432865902,6.154275977826,3.32192491389275,49.7026063632453,20.9104342628765,3.31,22.35,Uganda,Medium
UGA,2017,276.5116787,26.4139260579546,73.5860739420454,6.24870216914578,3.49059590870242,51.32772813986,21.2895047336164,3.62,22.74,Uganda,Medium
UGA,2018,269.2137925,27.1280475018884,72.8719524981116,6.06508171801397,3.39741097582772,52.9651082839112,21.6668720905552,3.87,22.14,Uganda,Medium
UGA,2019,250.8240477,27.8369781799403,72.1630218200597,5.97104151085438,3.39132142318772,54.6148662999288,22.0428914452572,4.72,22.43,Uganda,Medium
UGA,2020,255.6631833,28.5399752271502,71.4600247728498,5.82745827664575,3.33341751069644,56.2751724073816,22.4171466106688,4.57,21.68,Uganda,Medium
UGA,2021,268.6123762,29.2362957789022,70.7637042210978,5.62825572631813,3.21773661761443,57.9452003284678,22.789614286416,3.03,22.21,Uganda,Medium
UGA,2022,266.5834318,29.9251969709665,70.0748030290335,5.33658316141316,3.00759449042677,59.6243670283511,23.1603896161507,3.95,22.27,Uganda,Medium
UGA,2023,267.5743421,30.6059359395495,69.3940640604505,5.05014804626893,2.80083228962433,61.3115234168033,23.5293222340079,4.91,22.55,Uganda,Medium
UGA,2024,264.2318243,31.2777698213557,68.7222301786443,4.92509441786509,2.75373170025335,63.0058015721971,23.896386630237,3.75,22.69,Uganda,Medium
ZMB,2000,360.3289041,35.8735460960387,64.1264539039613,1.98184385161573,2.8105009556372,46.2307991562581,21.0415384052929,2.51,21.08,Zambia,High
ZMB,2001,379.231946,35.8846482932758,64.1153517067242,3.05488942781847,3.02394158044151,47.3291576082813,21.6786889419233,2.31,21.43,Zambia,High
ZMB,2002,369.9612949,36.0706035730014,63.9293964269986,3.59498474839254,3.07812350873629,48.5669310132522,22.413804959209,1.56,22.25,Zambia,High
ZMB,2003,348.025214,36.3858560115875,63.6141439884125,3.97375119821,3.10355045228564,49.794666240805,23.1443864562221,1.85,21.93,Zambia,High
ZMB,2004,300.8905824,36.8035881130253,63.1964118869747,4.31898880250062,3.17745831747123,51.0123240914284,23.8700357388516,2.32,21.48,Zambia,Medium
ZMB,2005,262.5238089,37.2969823813059,62.7030176186941,4.63356691720477,3.30186320062968,52.2193583121082,24.5900224977226,1.49,22.38,Zambia,Medium
ZMB,2006,225.9331403,37.8392213204204,62.1607786795796,4.88824832694096,3.44488603404196,53.4162602894897,25.3042918374618,2.09,21.55,Zambia,Medium
ZMB,2007,194.6593278,38.4034874343601,61.5965125656399,5.00792941691569,3.52770643018252,54.6025079939217,26.0121310175446,2.99,21.59,Zambia,Medium
ZMB,2008,171.6153442,38.9629632271162,61.0370367728838,5.01296748942977,3.56663855229215,55.7790386634547,26.7137426857946,2.44,21.39,Zambia,Medium
ZMB,2009,166.7844419,39.4908312026796,60.5091687973204,4.88461585757125,3.53891846603377,56.943932113866,27.4075582632773,2.45,21.29,Zambia,Medium
ZMB,2010,169.9224537,39.9558857709992,60.0441142290008,4.63266848847021,3.46192274224024,58.0990602531588,28.094335855896,2.41,21.95,Zambia,Medium
ZMB,2011,181.1215632,40.3684491825881,59.6315508174119,4.35251891315956,3.32527568350911,59.2434638607951,28.7731031923329,1.77,21.76,Zambia,Medium
ZMB,2012,206.1546522,40.7698556821596,59.2301443178404,4.23205158418099,3.24260026203654,60.3793166829556,29.4446855204494,1.78,22.15,Zambia,Medium
ZMB,2013,228.0255656,41.1682266235825,58.8317733764175,4.17506739839671,3.20268845716982,61.5068944546716,30.1087309769234,2.0,22.03,Zambia,Medium
ZMB,2014,237.4727396,41.5634741658525,58.4365258341475,4.12770061741767,3.17220342906789,62.6251910477069,30.7641759274322,1.94,22.08,Zambia,Medium
ZMB,2015,237.7809668,41.9555104679652,58.0444895320348,4.05894924629252,3.12013727876838,63.73489906676,31.4108659962422,2.07,22.19,Zambia,Medium
ZMB,2016,229.0813586,42.3442476889162,57.6557523110838,4.01636109626793,3.09409054089327,64.8350544845437,32.0477720583314,1.8,22.46,Zambia,Medium
ZMB,2017,220.1043969,42.7295979877011,57.2704020122989,3.97347057455809,3.06754137743233,65.9259259812071,32.674491350081,3.06,21.62,Zambia,Medium
ZMB,2018,221.9995372,43.1114735233156,56.8885264766844,3.89574458509516,3.0060186177754,67.0073710429066,33.2903966380539,1.73,22.33,Zambia,Medium
ZMB,2019,223.8523842,43.4897864547552,56.5102135452448,3.83532154719952,2.96162166175699,68.0788852086192,33.8947045843208,1.54,22.89,Zambia,Medium
ZMB,2020,234.2474145,43.8644489410157,56.1355510589843,3.76197608004315,2.9041649369132,69.1403580014109,34.4868129715486,3.13,22.09,Zambia,Medium
ZMB,2021,240.9800401,44.2353731410926,55.7646268589074,3.65740022017216,2.81534240626742,70.2228298527718,35.2442051458646,2.06,21.56,Zambia,Medium
ZMB,2022,246.10104,44.5988511178469,55.4011488821531,3.58198236627561,2.76365042984169,71.2958879569683,35.9950584575439,2.43,21.51,Zambia,Medium
ZMB,2023,252.0788372,45.0285853521585,54.9714146478415,3.75300456135683,2.79406758723844,72.3590047817849,36.7391328457853,3.36,22.62,Zambia,Medium
ZMB,2024,252.4103382,45.4703838491279,54.5296161508721,3.78819140455858,2.81182258530958,73.4120376414689,37.4763362189112,2.03,22.75,Zambia,Medium
ZWE,2000,102.5884426,32.3991568853313,67.6008431146687,1.33611142265047,0.917384654947152,67.9217425252817,44.5170067494269,3.16,17.96,Zimbabwe,Low
ZWE,2001,102.5885441,32.4999278382836,67.5000721617164,0.979709622880163,0.669179057812887,68.0887310014955,44.632782507168,2.9,18.37,Zimbabwe,Low
ZWE,2002,102.5884878,32.5631884166934,67.4368115833066,1.15667809410731,0.962219774230462,68.2658520764718,44.8209715461033,1.27,19.19,Zimbabwe,Low
ZWE,2003,102.5885322,32.6003372313948,67.3996627686052,1.3037697499499,1.18973560223894,68.2300192515317,44.8625993105655,2.01,19.06,Zimbabwe,Low
ZWE,2004,102.5885158,32.6278168233873,67.3721831766127,1.17029678831479,1.08604865181957,68.1605611787825,44.881689855498,2.37,18.63,Zimbabwe,Low
ZWE,2005,102.5884477,32.6482709722903,67.3517290277097,1.00867069668733,0.945996419158278,68.0898216410004,44.2555884952354,1.88,19.4,Zimbabwe,Low
ZWE,2006,102.5885008,32.6640794641194,67.3359205358806,1.26666851060534,1.21827740248004,68.0173816965522,43.6313729086374,1.94,18.67,Zimbabwe,Low
ZWE,2007,167.623628,32.67762208489,67.32237791511,1.35917507370883,1.3177052771271,67.943621136193,43.0093163519356,2.28,19.03,Zimbabwe,Medium
ZWE,2008,67.50863158,32.6912786206175,67.3087213793825,1.24577441707486,1.20398732561507,67.8681221478377,42.3891736287953,1.74,18.91,Zimbabwe,Low
ZWE,2009,73.81939894,32.7074288573175,67.2925711426825,1.45651507207656,1.40712940970909,67.7912667588109,41.771197354799,1.98,18.71,Zimbabwe,Low
ZWE,2010,104.3780603,32.7284525810054,67.2715474189946,1.67758251948591,1.61334322032425,67.7126398227238,41.1551654585239,2.09,19.39,Zimbabwe,Low
ZWE,2011,67.44538249,32.7567295776968,67.2432704223032,1.85901770475087,1.7726514046574,67.6326265386138,40.5413099103148,3.78,18.21,Zimbabwe,Low
ZWE,2012,54.46025519,32.7931752128328,67.2068247871672,1.73427283796274,1.62306467591426,67.550802949421,39.929425197268,1.91,18.77,Zimbabwe,Low
ZWE,2013,78.2694755,32.9019343169941,67.0980656830059,1.73902435675705,1.40792169753746,67.4675567678249,39.3197220289687,2.3,18.67,Zimbabwe,Low
ZWE,2014,97.70572,33.1628075970801,66.8371924029199,2.16144370479207,1.37169405347957,67.3943560141551,38.7170842481052,2.46,18.85,Zimbabwe,Low
ZWE,2015,94.11756094,33.5612641766874,66.4387358233126,2.53432185710755,1.3399592762046,67.3315481450838,38.1206484665361,1.94,19.1,Zimbabwe,Low
ZWE,2016,66.16057787,34.0799460726314,65.9200539273686,2.92184647428744,1.38820029316449,67.2786727528728,37.5291927779865,2.09,19.61,Zimbabwe,Low
ZWE,2017,114.7046387,34.7014953017273,65.2985046982727,3.25023111096025,1.44285382068925,67.2356795993569,36.9416715486173,2.9,18.33,Zimbabwe,Medium
ZWE,2018,53.61458214,35.4085538807905,64.5914461192095,3.50447549716329,1.48741637841697,67.2029312965769,36.3571595127659,1.98,18.97,Zimbabwe,Low
ZWE,2019,65.09225256,36.1837638266364,63.8162361733636,3.72924700896215,1.56353351552455,67.1795926488522,35.7743353702206,1.32,20.07,Zimbabwe,Low
ZWE,2020,94.29687221,37.0097671560802,62.9902328439198,3.91648125219672,1.65935280874134,67.1664236498224,35.1923620543494,2.06,19.66,Zimbabwe,Low
ZWE,2021,27.53749473,37.8692058859373,62.1307941140627,4.02165487352737,1.72601114303872,67.162605340134,34.6099501611517,2.81,18.1,Zimbabwe,Low
ZWE,2022,28.90136636,38.7055207169041,61.2944792830959,3.89060935046696,1.7062092862652,67.1689083918982,34.6178594063559,2.71,18.39,Zimbabwe,Low
ZWE,2023,49.39604595,39.2919370795795,60.7080629204205,3.18079396042019,1.67709591394986,67.1849190325683,34.6283464803415,2.4,19.63,Zimbabwe,Low
ZWE,2024,11.36272542,39.8933716820696,60.1066283179304,3.29957156564359,1.7804822981922,67.2110209689938,34.6414985324477,1.23,20.34,Zimbabwe,Low
